timestamp,value
2019-12-31T00:00:00Z,0.000273858
2020-01-01T00:00:00Z,7.18076E-05
2020-01-02T00:00:00Z,-6.54727E-05
2020-01-03T00:00:00Z,-4.96006E-06
2020-01-04T00:00:00Z,-4.06022E-07
2020-01-05T00:00:00Z,1.05337E-05
2020-01-06T00:00:00Z,-9.0072E-05
2020-01-07T00:00:00Z,-0.000101179
2020-01-08T00:00:00Z,0.000202913
2020-01-09T00:00:00Z,6.93171E-06
2020-01-10T00:00:00Z,0.000235872
2020-01-11T00:00:00Z,-0.000101063
2020-01-12T00:00:00Z,-3.90666E-06
2020-01-13T00:00:00Z,-4.43481E-05
2020-01-14T00:00:00Z,0.000991615
2020-01-15T00:00:00Z,0.000125438
2020-01-16T00:00:00Z,0.000184877
2020-01-17T00:00:00Z,0.000548009
2020-01-18T00:00:00Z,0.000160192
2020-01-19T00:00:00Z,0.000228674
2020-01-20T00:00:00Z,3.31949E-05
2020-01-21T00:00:00Z,0.000182664
2020-01-22T00:00:00Z,0.000257076
2020-01-23T00:00:00Z,0.00024976
2020-01-24T00:00:00Z,-2.17863E-05
2020-01-25T00:00:00Z,-1.87898E-05
2020-01-26T00:00:00Z,3.17669E-05
2020-01-27T00:00:00Z,0.000346368
2020-01-28T00:00:00Z,0.000498117
2020-01-29T00:00:00Z,0.000381939
2020-01-30T00:00:00Z,0.00053038
2020-01-31T00:00:00Z,0.000334835
2020-02-01T00:00:00Z,0.00022877
2020-02-02T00:00:00Z,0.000107138
2020-02-03T00:00:00Z,0.000665592
2020-02-04T00:00:00Z,7.03593E-06
2020-02-05T00:00:00Z,0.001120884
2020-02-06T00:00:00Z,0.000728429
2020-02-07T00:00:00Z,0.000616671
2020-02-08T00:00:00Z,0.000393246
2020-02-09T00:00:00Z,0.000999126
2020-02-10T00:00:00Z,0.000600167
2020-02-11T00:00:00Z,0.001733556
2020-02-12T00:00:00Z,0.000763732
2020-02-13T00:00:00Z,0.000595222
2020-02-14T00:00:00Z,0.000447238
2020-02-15T00:00:00Z,0.00046145
2020-02-16T00:00:00Z,0.000685863
2020-02-17T00:00:00Z,0.00043473
2020-02-18T00:00:00Z,0.000483177
2020-02-19T00:00:00Z,0.000307079
2020-02-20T00:00:00Z,-0.000120744
2020-02-21T00:00:00Z,7.62371E-05
2020-02-22T00:00:00Z,0.000152885
2020-02-23T00:00:00Z,0.000211405
2020-02-24T00:00:00Z,0.000231107
2020-02-25T00:00:00Z,0.000400791
2020-02-26T00:00:00Z,9.50774E-05
2020-02-27T00:00:00Z,0.000102495
2020-02-28T00:00:00Z,0.000243128
2020-02-29T00:00:00Z,0.000138434
2020-03-01T00:00:00Z,0.00012968
2020-03-02T00:00:00Z,6.28953E-05
2020-03-03T00:00:00Z,7.92788E-05
2020-03-04T00:00:00Z,5.46298E-05
2020-03-05T00:00:00Z,8.05078E-05
2020-03-06T00:00:00Z,0.000131875
2020-03-07T00:00:00Z,0.000117706
2020-03-08T00:00:00Z,3.99549E-05
2020-03-09T00:00:00Z,2.28209E-05
2020-03-10T00:00:00Z,9.92349E-06
2020-03-11T00:00:00Z,0.000105417
2020-03-12T00:00:00Z,-0.002038244
2020-03-13T00:00:00Z,-0.003216556
2020-03-14T00:00:00Z,-0.000907242
2020-03-15T00:00:00Z,2.88167E-05
2020-03-16T00:00:00Z,-0.001238908
2020-03-17T00:00:00Z,-0.00050459
2020-03-18T00:00:00Z,-0.000253105
2020-03-19T00:00:00Z,-0.000425576
2020-03-20T00:00:00Z,-0.000174684
2020-03-21T00:00:00Z,-0.000305304
2020-03-22T00:00:00Z,-0.000394506
2020-03-23T00:00:00Z,-0.000130519
2020-03-24T00:00:00Z,-0.000257041
2020-03-25T00:00:00Z,-0.000381727
2020-03-26T00:00:00Z,-0.000196034
2020-03-27T00:00:00Z,-9.63758E-05
2020-03-28T00:00:00Z,-0.00027901
2020-03-29T00:00:00Z,-0.00029893
2020-03-30T00:00:00Z,-8.25126E-05
2020-03-31T00:00:00Z,-0.000185359
2020-04-01T00:00:00Z,-0.000320016
2020-04-02T00:00:00Z,6.52821E-05
2020-04-03T00:00:00Z,-0.000200703
2020-04-04T00:00:00Z,-5.09939E-05
2020-04-05T00:00:00Z,-7.25631E-06
2020-04-06T00:00:00Z,-6.90237E-07
2020-04-07T00:00:00Z,-8.22058E-05
2020-04-08T00:00:00Z,-3.85773E-05
2020-04-09T00:00:00Z,-0.000148687
2020-04-10T00:00:00Z,-0.000395924
2020-04-11T00:00:00Z,-9.55483E-05
2020-04-12T00:00:00Z,-7.54083E-05
2020-04-13T00:00:00Z,-0.000229978
2020-04-14T00:00:00Z,-0.000216614
2020-04-15T00:00:00Z,-0.000184292
2020-04-16T00:00:00Z,1.78437E-05
2020-04-17T00:00:00Z,-0.000107051
2020-04-18T00:00:00Z,-3.26923E-05
2020-04-19T00:00:00Z,-6.57936E-05
2020-04-20T00:00:00Z,-0.00019765
2020-04-21T00:00:00Z,-0.000130083
2020-04-22T00:00:00Z,-5.73193E-05
2020-04-23T00:00:00Z,0.000109757
2020-04-24T00:00:00Z,1.43707E-05
2020-04-25T00:00:00Z,-6.51031E-05
2020-04-26T00:00:00Z,-8.88538E-05
2020-04-27T00:00:00Z,-8.93356E-05
2020-04-28T00:00:00Z,-0.000123372
2020-04-29T00:00:00Z,0.000117721
2020-04-30T00:00:00Z,0.000129775
2020-05-01T00:00:00Z,0.000104183
2020-05-02T00:00:00Z,7.91839E-05
2020-05-03T00:00:00Z,1.99096E-05
2020-05-04T00:00:00Z,4.95017E-05
2020-05-05T00:00:00Z,-1.75691E-05
2020-05-06T00:00:00Z,3.15912E-05
2020-05-07T00:00:00Z,9.39692E-05
2020-05-08T00:00:00Z,0.000132909
2020-05-09T00:00:00Z,0.000136771
2020-05-10T00:00:00Z,-2.03494E-05
2020-05-11T00:00:00Z,-0.000140086
2020-05-12T00:00:00Z,-7.31811E-05
2020-05-13T00:00:00Z,-4.74457E-06
2020-05-14T00:00:00Z,5.96319E-05
2020-05-15T00:00:00Z,6.37805E-05
2020-05-16T00:00:00Z,6.62794E-05
2020-05-17T00:00:00Z,0.000146378
2020-05-18T00:00:00Z,7.84494E-05
2020-05-19T00:00:00Z,4.03746E-05
2020-05-20T00:00:00Z,1.33641E-05
2020-05-21T00:00:00Z,2.69681E-05
2020-05-22T00:00:00Z,-4.14774E-05
2020-05-23T00:00:00Z,1.66485E-05
2020-05-24T00:00:00Z,1.5826E-05
2020-05-25T00:00:00Z,-8.48666E-05
2020-05-26T00:00:00Z,-4.66647E-05
2020-05-27T00:00:00Z,3.31612E-05
2020-05-28T00:00:00Z,7.126E-05
2020-05-29T00:00:00Z,8.22544E-05
2020-05-30T00:00:00Z,8.34062E-05
2020-05-31T00:00:00Z,7.27765E-05
2020-06-01T00:00:00Z,0.000212171
2020-06-02T00:00:00Z,8.13989E-05
2020-06-03T00:00:00Z,6.99542E-05
2020-06-04T00:00:00Z,5.81642E-05
2020-06-05T00:00:00Z,4.27922E-05
2020-06-06T00:00:00Z,7.65016E-05
2020-06-07T00:00:00Z,-6.93182E-05
2020-06-08T00:00:00Z,7.52584E-05
2020-06-09T00:00:00Z,7.51625E-05
2020-06-10T00:00:00Z,7.83638E-05
2020-06-11T00:00:00Z,3.30487E-05
2020-06-12T00:00:00Z,5.13588E-05
2020-06-13T00:00:00Z,-5.94957E-05
2020-06-14T00:00:00Z,5.97726E-05
2020-06-15T00:00:00Z,-2.06941E-05
2020-06-16T00:00:00Z,4.67085E-05
2020-06-17T00:00:00Z,4.33344E-05
2020-06-18T00:00:00Z,3.89868E-05
2020-06-19T00:00:00Z,6.30611E-05
2020-06-20T00:00:00Z,3.70371E-05
2020-06-21T00:00:00Z,6.44365E-05
2020-06-22T00:00:00Z,0.000101653
2020-06-23T00:00:00Z,7.46339E-05
2020-06-24T00:00:00Z,4.46612E-05
2020-06-25T00:00:00Z,5.39016E-05
2020-06-26T00:00:00Z,3.83641E-05
2020-06-27T00:00:00Z,4.48784E-05
2020-06-28T00:00:00Z,6.3519E-05
2020-06-29T00:00:00Z,4.15248E-05
2020-06-30T00:00:00Z,2.63663E-05
2020-07-01T00:00:00Z,3.03592E-06
2020-07-02T00:00:00Z,-2.75979E-05
2020-07-03T00:00:00Z,2.5637E-05
2020-07-04T00:00:00Z,7.38178E-05
2020-07-05T00:00:00Z,5.23016E-05
2020-07-06T00:00:00Z,8.32649E-05
2020-07-07T00:00:00Z,5.54454E-05
2020-07-08T00:00:00Z,1.21917E-05
2020-07-09T00:00:00Z,5.36487E-05
2020-07-10T00:00:00Z,5.73022E-05
2020-07-11T00:00:00Z,7.67756E-05
2020-07-12T00:00:00Z,9.73946E-05
2020-07-13T00:00:00Z,8.08564E-05
2020-07-14T00:00:00Z,4.11878E-05
2020-07-15T00:00:00Z,8.71067E-05
2020-07-16T00:00:00Z,3.39802E-05
2020-07-17T00:00:00Z,-9.6581E-05
2020-07-18T00:00:00Z,4.9105E-05
2020-07-19T00:00:00Z,5.92722E-05
2020-07-20T00:00:00Z,3.847E-05
2020-07-21T00:00:00Z,5.06823E-05
2020-07-22T00:00:00Z,-4.85115E-05
2020-07-23T00:00:00Z,4.79163E-05
2020-07-24T00:00:00Z,2.37561E-05
2020-07-25T00:00:00Z,8.33427E-05
2020-07-26T00:00:00Z,0.000257882
2020-07-27T00:00:00Z,0.000698391
2020-07-28T00:00:00Z,0.000572638
2020-07-29T00:00:00Z,0.000306873
2020-07-30T00:00:00Z,0.000462694
2020-07-31T00:00:00Z,0.000224835
2020-08-01T00:00:00Z,0.000494111
2020-08-02T00:00:00Z,0.000175072
2020-08-03T00:00:00Z,0.000153517
2020-08-04T00:00:00Z,0.000107314
2020-08-05T00:00:00Z,0.00011286
2020-08-06T00:00:00Z,9.17792E-05
2020-08-07T00:00:00Z,9.19814E-05
2020-08-08T00:00:00Z,8.89565E-05
2020-08-09T00:00:00Z,0.000137967
2020-08-10T00:00:00Z,7.46451E-05
2020-08-11T00:00:00Z,0.000170664
2020-08-12T00:00:00Z,7.00151E-05
2020-08-13T00:00:00Z,0.000130106
2020-08-14T00:00:00Z,0.000200437
2020-08-15T00:00:00Z,0.000187883
2020-08-16T00:00:00Z,0.000238765
2020-08-17T00:00:00Z,0.000657875
2020-08-18T00:00:00Z,0.000318785
2020-08-19T00:00:00Z,0.000117948
2020-08-20T00:00:00Z,4.8135E-05
2020-08-21T00:00:00Z,0.000146128
2020-08-22T00:00:00Z,7.74903E-05
2020-08-23T00:00:00Z,0.000111192
2020-08-24T00:00:00Z,9.08218E-05
2020-08-25T00:00:00Z,0.00016678
2020-08-26T00:00:00Z,0.000104704
2020-08-27T00:00:00Z,0.000112672
2020-08-28T00:00:00Z,7.33654E-05
2020-08-29T00:00:00Z,8.43135E-05
2020-08-30T00:00:00Z,0.000136246
2020-08-31T00:00:00Z,0.000154044
2020-09-01T00:00:00Z,0.000259989
2020-09-02T00:00:00Z,0.000131498
2020-09-03T00:00:00Z,2.43067E-05
2020-09-04T00:00:00Z,-1.38156E-05
2020-09-05T00:00:00Z,4.15742E-05
2020-09-06T00:00:00Z,-7.33556E-05
2020-09-07T00:00:00Z,9.93349E-05
2020-09-08T00:00:00Z,-2.25202E-06
2020-09-09T00:00:00Z,2.0126E-05
2020-09-10T00:00:00Z,1.48712E-05
2020-09-11T00:00:00Z,-3.37646E-06
2020-09-12T00:00:00Z,1.20207E-05
2020-09-13T00:00:00Z,-0.00011456
2020-09-14T00:00:00Z,-6.20935E-05
2020-09-15T00:00:00Z,-4.7788E-05
2020-09-16T00:00:00Z,6.08474E-06
2020-09-17T00:00:00Z,-5.181E-05
2020-09-18T00:00:00Z,-2.67664E-05
2020-09-19T00:00:00Z,3.21288E-05
2020-09-20T00:00:00Z,-5.97667E-05
2020-09-21T00:00:00Z,-9.01658E-05
2020-09-22T00:00:00Z,-0.000108076
2020-09-23T00:00:00Z,-1.7756E-05
2020-09-24T00:00:00Z,8.82403E-07
2020-09-25T00:00:00Z,2.06062E-05
2020-09-26T00:00:00Z,5.26696E-05
2020-09-27T00:00:00Z,4.28392E-05
2020-09-28T00:00:00Z,4.23017E-05
2020-09-29T00:00:00Z,4.29068E-05
2020-09-30T00:00:00Z,-3.35432E-05
2020-10-01T00:00:00Z,2.76656E-05
2020-10-02T00:00:00Z,-9.05035E-05
2020-10-03T00:00:00Z,-0.000144119
2020-10-04T00:00:00Z,-5.97988E-05
2020-10-05T00:00:00Z,-0.000103785
2020-10-06T00:00:00Z,7.01122E-05
2020-10-07T00:00:00Z,-3.07253E-05
2020-10-08T00:00:00Z,8.61821E-05
2020-10-09T00:00:00Z,7.11397E-05
2020-10-10T00:00:00Z,0.000106745
2020-10-11T00:00:00Z,8.49662E-05
2020-10-12T00:00:00Z,0.000119794
2020-10-13T00:00:00Z,7.29923E-05
2020-10-14T00:00:00Z,4.67041E-05
2020-10-15T00:00:00Z,3.95574E-05
2020-10-16T00:00:00Z,-4.08971E-05
2020-10-17T00:00:00Z,-4.77973E-05
2020-10-18T00:00:00Z,-2.75703E-05
2020-10-19T00:00:00Z,4.31935E-05
2020-10-20T00:00:00Z,-7.86839E-05
2020-10-21T00:00:00Z,0.000111191
2020-10-22T00:00:00Z,-6.21047E-06
2020-10-23T00:00:00Z,0.000174783
2020-10-24T00:00:00Z,0.00012907
2020-10-25T00:00:00Z,0.000108593
2020-10-26T00:00:00Z,8.09863E-05
2020-10-27T00:00:00Z,7.24882E-05
2020-10-28T00:00:00Z,-4.87123E-06
2020-10-29T00:00:00Z,2.01318E-05
2020-10-30T00:00:00Z,-3.02731E-05
2020-10-31T00:00:00Z,8.37309E-05
2020-11-01T00:00:00Z,-0.000107333
2020-11-02T00:00:00Z,-0.000104286
2020-11-03T00:00:00Z,4.4487E-06
2020-11-04T00:00:00Z,3.02673E-05
2020-11-05T00:00:00Z,0.000191232
2020-11-06T00:00:00Z,0.000398941
2020-11-07T00:00:00Z,0.000417547
2020-11-08T00:00:00Z,0.000181867
2020-11-09T00:00:00Z,0.000247358
2020-11-10T00:00:00Z,9.77524E-05
2020-11-11T00:00:00Z,0.000130378
2020-11-12T00:00:00Z,9.98903E-05
2020-11-13T00:00:00Z,5.89736E-05
2020-11-14T00:00:00Z,-1.88263E-05
2020-11-15T00:00:00Z,8.86987E-05
2020-11-16T00:00:00Z,0.000227155
2020-11-17T00:00:00Z,5.69936E-05
2020-11-18T00:00:00Z,0.00015509
2020-11-19T00:00:00Z,0.000258416
2020-11-20T00:00:00Z,0.000271722
2020-11-21T00:00:00Z,0.000376393
2020-11-22T00:00:00Z,0.000644371
2020-11-23T00:00:00Z,0.000710427
2020-11-24T00:00:00Z,0.000537421
2020-11-25T00:00:00Z,0.000317298
2020-11-26T00:00:00Z,0.00018644
2020-11-27T00:00:00Z,0.000110059
2020-11-28T00:00:00Z,4.93515E-05
2020-11-29T00:00:00Z,7.04432E-05
2020-11-30T00:00:00Z,0.000459667
2020-12-01T00:00:00Z,0.000221019
2020-12-02T00:00:00Z,0.000143162
2020-12-03T00:00:00Z,0.00021654
2020-12-04T00:00:00Z,4.4114E-05
2020-12-05T00:00:00Z,8.91356E-05
2020-12-06T00:00:00Z,7.78711E-05
2020-12-07T00:00:00Z,8.37508E-05
2020-12-08T00:00:00Z,2.78842E-05
2020-12-09T00:00:00Z,1.89946E-05
2020-12-10T00:00:00Z,0.000112207
2020-12-11T00:00:00Z,5.86397E-05
2020-12-12T00:00:00Z,2.42846E-05
2020-12-13T00:00:00Z,0.000236597
2020-12-14T00:00:00Z,9.14161E-05
2020-12-15T00:00:00Z,3.67373E-05
2020-12-16T00:00:00Z,0.000283379
2020-12-17T00:00:00Z,0.000394276
2020-12-18T00:00:00Z,0.000351173
2020-12-19T00:00:00Z,0.000465351
2020-12-20T00:00:00Z,0.000398264
2020-12-21T00:00:00Z,8.14434E-05
2020-12-22T00:00:00Z,0.000140855
2020-12-23T00:00:00Z,0.000148658
2020-12-24T00:00:00Z,0.00016759
2020-12-25T00:00:00Z,0.000417917
2020-12-26T00:00:00Z,0.000308712
2020-12-27T00:00:00Z,0.000605103
2020-12-28T00:00:00Z,0.000513689
2020-12-29T00:00:00Z,0.000257588
2020-12-30T00:00:00Z,0.000396187
2020-12-31T00:00:00Z,0.00010721
2021-01-01T00:00:00Z,9.25572E-05
2021-01-02T00:00:00Z,0.000673047
2021-01-03T00:00:00Z,0.000760179
2021-01-04T00:00:00Z,0.000351328
2021-01-05T00:00:00Z,0.000348519
2021-01-06T00:00:00Z,0.000620979
2021-01-07T00:00:00Z,0.000745018
2021-01-08T00:00:00Z,0.000693942
2021-01-09T00:00:00Z,0.000454117
2021-01-10T00:00:00Z,0.000411051
2021-01-11T00:00:00Z,0.000566661
2021-01-12T00:00:00Z,0.000424151
2021-01-13T00:00:00Z,0.000463713
2021-01-14T00:00:00Z,0.000508882
2021-01-15T00:00:00Z,0.000382261
2021-01-16T00:00:00Z,0.000344084
2021-01-17T00:00:00Z,0.000180714
2021-01-18T00:00:00Z,0.000611994
2021-01-19T00:00:00Z,0.000596792
2021-01-20T00:00:00Z,0.000129109
2021-01-21T00:00:00Z,9.23028E-05
2021-01-22T00:00:00Z,5.18363E-05
2021-01-23T00:00:00Z,3.26394E-05
2021-01-24T00:00:00Z,0.000136063
2021-01-25T00:00:00Z,0.000227295
2021-01-26T00:00:00Z,3.33549E-05
2021-01-27T00:00:00Z,-1.98614E-05
2021-01-28T00:00:00Z,0.00011009
2021-01-29T00:00:00Z,0.000902988
2021-01-30T00:00:00Z,0.00017339
2021-01-31T00:00:00Z,0.000197429
2021-02-01T00:00:00Z,0.000343351
2021-02-02T00:00:00Z,0.000697386
2021-02-03T00:00:00Z,0.000525132
2021-02-04T00:00:00Z,0.000302089
2021-02-05T00:00:00Z,0.000503783
2021-02-06T00:00:00Z,0.000731359
2021-02-07T00:00:00Z,0.000591751
2021-02-08T00:00:00Z,0.001115985
2021-02-09T00:00:00Z,0.000926117
2021-02-10T00:00:00Z,0.00071856
2021-02-11T00:00:00Z,0.00092917
2021-02-12T00:00:00Z,0.00074406
2021-02-13T00:00:00Z,0.000448916
2021-02-14T00:00:00Z,0.001139613
2021-02-15T00:00:00Z,0.000720037
2021-02-16T00:00:00Z,0.000930872
2021-02-17T00:00:00Z,0.001335173
2021-02-18T00:00:00Z,0.000864965
2021-02-19T00:00:00Z,0.000906277
2021-02-20T00:00:00Z,0.000560495
2021-02-21T00:00:00Z,0.000886712
2021-02-22T00:00:00Z,0.000394148
2021-02-23T00:00:00Z,0.000219191
2021-02-24T00:00:00Z,0.000129157
2021-02-25T00:00:00Z,0.000130346
2021-02-26T00:00:00Z,0.000196369
2021-02-27T00:00:00Z,5.928E-05
2021-02-28T00:00:00Z,0.000150069
2021-03-01T00:00:00Z,5.27408E-05
2021-03-02T00:00:00Z,9.17452E-05
2021-03-03T00:00:00Z,0.000303721
2021-03-04T00:00:00Z,0.000152013
2021-03-05T00:00:00Z,8.60934E-05
2021-03-06T00:00:00Z,9.38507E-05
2021-03-07T00:00:00Z,0.000446362
2021-03-08T00:00:00Z,0.000415007
2021-03-09T00:00:00Z,0.000518049
2021-03-10T00:00:00Z,0.000906358
2021-03-11T00:00:00Z,0.000825737
2021-03-12T00:00:00Z,0.000371768
2021-03-13T00:00:00Z,0.001281608
2021-03-14T00:00:00Z,0.000745401
2021-03-15T00:00:00Z,2.76932E-05
2021-03-16T00:00:00Z,0.000230236
2021-03-17T00:00:00Z,0.000154434
2021-03-18T00:00:00Z,0.000340795
2021-03-19T00:00:00Z,0.000202156
2021-03-20T00:00:00Z,0.00046479
2021-03-21T00:00:00Z,0.000141754
2021-03-22T00:00:00Z,0.000244758
2021-03-23T00:00:00Z,0.000171084
2021-03-24T00:00:00Z,0.0001926
2021-03-25T00:00:00Z,0.000117003
2021-03-26T00:00:00Z,4.99837E-05
2021-03-27T00:00:00Z,0.000131924
2021-03-28T00:00:00Z,0.000169637
2021-03-29T00:00:00Z,0.000516301
2021-03-30T00:00:00Z,0.000816125
2021-03-31T00:00:00Z,0.00082266
2021-04-01T00:00:00Z,0.000608027
2021-04-02T00:00:00Z,0.000647195
2021-04-03T00:00:00Z,0.000656967
2021-04-04T00:00:00Z,0.000286449
2021-04-05T00:00:00Z,0.000652025
2021-04-06T00:00:00Z,0.000572792
2021-04-07T00:00:00Z,0.000257456
2021-04-08T00:00:00Z,0.000241787
2021-04-09T00:00:00Z,0.000231655
2021-04-10T00:00:00Z,0.000896424
2021-04-11T00:00:00Z,0.000828994
2021-04-12T00:00:00Z,0.000722265
2021-04-13T00:00:00Z,0.000812699
2021-04-14T00:00:00Z,0.000527074
2021-04-15T00:00:00Z,0.000590464
2021-04-16T00:00:00Z,0.00038192
2021-04-17T00:00:00Z,0.000407084
2021-04-18T00:00:00Z,0.000134738
2021-04-19T00:00:00Z,0.000141199
2021-04-20T00:00:00Z,0.000154759
2021-04-21T00:00:00Z,6.80486E-05
2021-04-22T00:00:00Z,0.000158843
2021-04-23T00:00:00Z,-3.37074E-05
2021-04-24T00:00:00Z,9.9261E-05
2021-04-25T00:00:00Z,1.69229E-05
2021-04-26T00:00:00Z,1.89941E-05
2021-04-27T00:00:00Z,5.46041E-05
2021-04-28T00:00:00Z,6.81115E-05
2021-04-29T00:00:00Z,0.000129573
2021-04-30T00:00:00Z,0.000135168
2021-05-01T00:00:00Z,0.000251785
2021-05-02T00:00:00Z,0.000235209
2021-05-03T00:00:00Z,0.000285153
2021-05-04T00:00:00Z,0.000207027
2021-05-05T00:00:00Z,0.00025308
2021-05-06T00:00:00Z,0.000360892
2021-05-07T00:00:00Z,0.000230857
2021-05-08T00:00:00Z,0.000274372
2021-05-09T00:00:00Z,0.000178933
2021-05-10T00:00:00Z,0.000224464
2021-05-11T00:00:00Z,0.00012483
2021-05-12T00:00:00Z,0.000101599
2021-05-13T00:00:00Z,0.00023118
2021-05-14T00:00:00Z,4.62616E-05
2021-05-15T00:00:00Z,0.00019392
2021-05-16T00:00:00Z,0.000103372
2021-05-17T00:00:00Z,0.000142581
2021-05-18T00:00:00Z,8.00367E-05
2021-05-19T00:00:00Z,-0.001079038
2021-05-20T00:00:00Z,-0.000268437
2021-05-21T00:00:00Z,-0.000197667
2021-05-22T00:00:00Z,2.13658E-05
2021-05-23T00:00:00Z,-0.000129792
2021-05-24T00:00:00Z,3.65725E-05
2021-05-25T00:00:00Z,6.10679E-05
2021-05-26T00:00:00Z,-1.57654E-05
2021-05-27T00:00:00Z,7.06808E-05
2021-05-28T00:00:00Z,-6.01453E-05
2021-05-29T00:00:00Z,3.71477E-05
2021-05-30T00:00:00Z,8.81503E-05
2021-05-31T00:00:00Z,7.23424E-05
2021-06-01T00:00:00Z,3.78587E-05
2021-06-02T00:00:00Z,8.35817E-05
2021-06-03T00:00:00Z,2.4433E-05
2021-06-04T00:00:00Z,-2.83097E-05
2021-06-05T00:00:00Z,-2.22375E-05
2021-06-06T00:00:00Z,6.58477E-05
2021-06-07T00:00:00Z,1.57984E-06
2021-06-08T00:00:00Z,5.81241E-05
2021-06-09T00:00:00Z,-0.000186305
2021-06-10T00:00:00Z,2.91733E-05
2021-06-11T00:00:00Z,1.17385E-05
2021-06-12T00:00:00Z,-6.49152E-05
2021-06-13T00:00:00Z,1.8994E-05
2021-06-14T00:00:00Z,4.01381E-05
2021-06-15T00:00:00Z,4.67298E-05
2021-06-16T00:00:00Z,-5.12575E-06
2021-06-17T00:00:00Z,-3.8776E-05
2021-06-18T00:00:00Z,-7.67745E-05
2021-06-19T00:00:00Z,-6.03309E-05
2021-06-20T00:00:00Z,-0.000157033
2021-06-21T00:00:00Z,-0.000141452
2021-06-22T00:00:00Z,-0.000207552
2021-06-23T00:00:00Z,-0.000139697
2021-06-24T00:00:00Z,-0.000132887
2021-06-25T00:00:00Z,-0.000119095
2021-06-26T00:00:00Z,-0.000193354
2021-06-27T00:00:00Z,-0.000149844
2021-06-28T00:00:00Z,4.86578E-05
2021-06-29T00:00:00Z,-2.38306E-05
2021-06-30T00:00:00Z,-4.48377E-05
2021-07-01T00:00:00Z,-8.52281E-05
2021-07-02T00:00:00Z,-6.83694E-05
2021-07-03T00:00:00Z,-2.17024E-05
2021-07-04T00:00:00Z,4.22796E-06
2021-07-05T00:00:00Z,-0.000166465
2021-07-06T00:00:00Z,-0.000119094
2021-07-07T00:00:00Z,-8.64102E-06
2021-07-08T00:00:00Z,-6.75401E-05
2021-07-09T00:00:00Z,-2.57053E-05
2021-07-10T00:00:00Z,2.27622E-05
2021-07-11T00:00:00Z,4.14072E-05
2021-07-12T00:00:00Z,1.68345E-05
2021-07-13T00:00:00Z,-9.71919E-06
2021-07-14T00:00:00Z,-3.84819E-05
2021-07-15T00:00:00Z,-8.49125E-05
2021-07-16T00:00:00Z,4.76696E-05
2021-07-17T00:00:00Z,1.08329E-05
2021-07-18T00:00:00Z,-0.00013494
2021-07-19T00:00:00Z,-6.05274E-05
2021-07-20T00:00:00Z,-0.000107261
2021-07-21T00:00:00Z,-5.24258E-05
2021-07-22T00:00:00Z,-1.29377E-05
2021-07-23T00:00:00Z,-2.23574E-05
2021-07-24T00:00:00Z,-0.000159041
2021-07-25T00:00:00Z,-0.00021982
2021-07-26T00:00:00Z,7.06217E-05
2021-07-27T00:00:00Z,-3.26062E-05
2021-07-28T00:00:00Z,1.62669E-05
2021-07-29T00:00:00Z,4.76511E-05
2021-07-30T00:00:00Z,3.39395E-05
2021-07-31T00:00:00Z,6.68278E-05
2021-08-01T00:00:00Z,2.52246E-05
2021-08-02T00:00:00Z,1.38348E-05
2021-08-03T00:00:00Z,6.21641E-06
2021-08-04T00:00:00Z,3.64721E-05
2021-08-05T00:00:00Z,2.0962E-05
2021-08-06T00:00:00Z,7.00879E-05
2021-08-07T00:00:00Z,7.26351E-05
2021-08-08T00:00:00Z,7.1172E-05
2021-08-09T00:00:00Z,0.000148857
2021-08-10T00:00:00Z,7.02358E-05
2021-08-11T00:00:00Z,8.10119E-05
2021-08-12T00:00:00Z,6.93443E-05
2021-08-13T00:00:00Z,0.000125098
2021-08-14T00:00:00Z,3.33023E-05
2021-08-15T00:00:00Z,5.61052E-05
2021-08-16T00:00:00Z,6.35936E-05
2021-08-17T00:00:00Z,7.94924E-05
2021-08-18T00:00:00Z,7.76226E-05
2021-08-19T00:00:00Z,0.000122018
2021-08-20T00:00:00Z,0.000116753
2021-08-21T00:00:00Z,8.52425E-05
2021-08-22T00:00:00Z,8.10597E-05
2021-08-23T00:00:00Z,0.000117761
2021-08-24T00:00:00Z,0.000101523
2021-08-25T00:00:00Z,6.67747E-05
2021-08-26T00:00:00Z,2.89523E-05
2021-08-27T00:00:00Z,7.02957E-05
2021-08-28T00:00:00Z,0.000106069
2021-08-29T00:00:00Z,7.96684E-05
2021-08-30T00:00:00Z,0.000198918
2021-08-31T00:00:00Z,0.000218817
2021-09-01T00:00:00Z,0.000212057
2021-09-02T00:00:00Z,0.000232807
2021-09-03T00:00:00Z,0.00029884
2021-09-04T00:00:00Z,0.000112472
2021-09-05T00:00:00Z,0.000237765
2021-09-06T00:00:00Z,0.000175773
2021-09-07T00:00:00Z,-3.2366E-06
2021-09-08T00:00:00Z,1.95648E-05
2021-09-09T00:00:00Z,-9.2227E-06
2021-09-10T00:00:00Z,4.98211E-05
2021-09-11T00:00:00Z,5.32757E-05
2021-09-12T00:00:00Z,5.33015E-05
2021-09-13T00:00:00Z,5.45766E-05
2021-09-14T00:00:00Z,4.83115E-05
2021-09-15T00:00:00Z,-3.26596E-05
2021-09-16T00:00:00Z,5.79313E-05
2021-09-17T00:00:00Z,1.66933E-05
2021-09-18T00:00:00Z,4.82392E-05
2021-09-19T00:00:00Z,8.39802E-06
2021-09-20T00:00:00Z,1.52942E-05
2021-09-21T00:00:00Z,-3.6955E-06
2021-09-22T00:00:00Z,-0.000107034
2021-09-23T00:00:00Z,-7.91178E-05
2021-09-24T00:00:00Z,-4.90986E-05
2021-09-25T00:00:00Z,-1.02325E-05
2021-09-26T00:00:00Z,3.76786E-05
2021-09-27T00:00:00Z,4.05613E-05
2021-09-28T00:00:00Z,1.66049E-05
2021-09-29T00:00:00Z,1.10905E-05
2021-09-30T00:00:00Z,2.40729E-05
2021-10-01T00:00:00Z,5.8866E-05
2021-10-02T00:00:00Z,9.32317E-05
2021-10-03T00:00:00Z,7.86902E-05
2021-10-04T00:00:00Z,9.17699E-05
2021-10-05T00:00:00Z,3.02456E-05
2021-10-06T00:00:00Z,0.000102465
2021-10-07T00:00:00Z,0.000222884
2021-10-08T00:00:00Z,0.000104008
2021-10-09T00:00:00Z,0.000101787
2021-10-10T00:00:00Z,0.000102857
2021-10-11T00:00:00Z,0.000106353
2021-10-12T00:00:00Z,0.00010114
2021-10-13T00:00:00Z,0.000119676
2021-10-14T00:00:00Z,0.000115827
2021-10-15T00:00:00Z,0.000240625
2021-10-16T00:00:00Z,0.000260677
2021-10-17T00:00:00Z,0.000275746
2021-10-18T00:00:00Z,6.50995E-05
2021-10-19T00:00:00Z,0.00011346
2021-10-20T00:00:00Z,0.00045137
2021-10-21T00:00:00Z,0.000273998
2021-10-22T00:00:00Z,0.000134729
2021-10-23T00:00:00Z,0.00014844
