timestamp,binance,bitfinex,bitmex,bybit,deribit,ftx,huobi,kraken,okex,total
2020-02-21T00:00:00Z,195835824.08,19686108.47,912947746,198291688,170464940,67860926.91,,46786277,,1611873510.46
2020-02-22T00:00:00Z,199953030.19,19564780.67,919720420,212414470,171815970,69087639.58,,44595672,,1637151982.4399998
2020-02-23T00:00:00Z,223153091.82,20342638.43,926794875,200639787,176333240,67322777.83,,44908084,,1659494494.08
2020-02-24T00:00:00Z,203649105.74,19571459.5,983702876,220183241,187195320,64394186.57,,46272914,,1724969102.81
2020-02-25T00:00:00Z,204433437.36,18359552.84,984387487,211450831,190193560,64228684.43,,45008103,,1718061655.63
2020-02-26T00:00:00Z,182168231.89,16144675.72,934011103,199914617,181620310,65003076.78,,37863988,,1616726002.39
2020-02-27T00:00:00Z,160816807.52,13698470.92,864928369,218838680,153421680,65475997.93,,38920484,,1516100489.3700001
2020-02-28T00:00:00Z,181998005.18,11876932.22,852862330,221628780,151019440,70216257.44,,39037492,,1528639236.8400002
2020-02-29T00:00:00Z,179657850.78,17323443.56,852889732,179065292,147504030,70059872.38,,38822800,,1485323020.7199998
2020-03-01T00:00:00Z,181955229.07,17975923.93,889945055,172278233,149087840,73240320.09,,39140877,,1523623478.09
2020-03-02T00:00:00Z,177323011.64,19302248.03,894321759,167405417,129339880,79382179.84,,40864318,,1507938813.51
2020-03-03T00:00:00Z,176193312.72,19013347.81,886072147,178107603,123478990,71130116.65,,42062938,,1496058455.18
2020-03-04T00:00:00Z,183787856.57,18994388.17,871615169,185323419,120922970,71168422.45,,42639588,,1494451813.19
2020-03-05T00:00:00Z,196755356.01,20071770.6,909738025,198774972,114558420,77180064.31,,41333689,,1558412296.92
2020-03-06T00:00:00Z,211725933.91,21479728.14,900667855,211163536,112756280,72662709.8,,42468850,,1572924892.85
2020-03-07T00:00:00Z,205109398.04,20319837.32,923099972,225424472,116877290,68897679.56,,40384564,,1600113212.92
2020-03-08T00:00:00Z,154144974.9,18662640.54,865084903,188947831,115632120,67118079.87,,38681809,,1448272358.31
2020-03-09T00:00:00Z,157379963.7,15390729.9,818655093,166842476,111024470,78657624.62,,36563870,,1384514227.2199998
2020-03-10T00:00:00Z,149285966.41,15356913.06,824509134,182312305,109735890,80869356.13,,36213751,,1398283315.6
2020-03-11T00:00:00Z,158207193.76,15678745.28,810934646,175186988,101743950,84180790.29,,36381150,,1382313463.33
2020-03-12T00:00:00Z,73762068.37,9615197.47,473724003,63579510,85505720,47344664.98,,10440289,,763971452.82
2020-03-13T00:00:00Z,78136826.74,10555916.35,438262992,37756951,68986860,57094224.37,,10057037,,700850807.46
2020-03-14T00:00:00Z,78236563.01,9747887.91,430026034,35438141,63578470,66632431.12,,9213212,,692872739.0400001
2020-03-15T00:00:00Z,85482642.21,10714195.61,419489776,34498010,56772530,57944353.97,,8357379,,673258886.79
2020-03-16T00:00:00Z,86965145.99,10375563.42,401468617,36333313,49755670,60516885.28,,9167049,,654582243.69
2020-03-17T00:00:00Z,97321430.96,11788773.24,389159314,47706941,49148060,66508067.93,,9294970,,670927557.13
2020-03-18T00:00:00Z,107184453.31,11968087.81,387488655,52398451,50670070,75232491.98,,9635747,,694577956.1
2020-03-19T00:00:00Z,119875728.11,15834252.56,399406191,56442715,55880090,73245298.81,,9159536,,729843811.48
2020-03-20T00:00:00Z,94419384.77,16261933.82,373028420,58952447,59674300,73605473.42,,9320851,,685262810.0099999
2020-03-21T00:00:00Z,109913692.79,16043425.59,385864040,49676997,57994040,81932846.4,,8704442,,710129483.78
2020-03-22T00:00:00Z,114874909.74,14987274.44,406179923,98878689,45322330,78045298.05,,9880691,,768169115.2299999
2020-03-23T00:00:00Z,118930594.89,16211700.95,383849612,59720094,42185190,87985332.62,,9617072,,718499596.4599999
2020-03-24T00:00:00Z,119764859.01,16836751.88,372124621,55148810,43486890,103833752.77,,9575043,,720770727.66
2020-03-25T00:00:00Z,122689901.13,16471953.7,387945629,56394917,45253490,115374168.8,,8874145,,753004204.6299999
2020-03-26T00:00:00Z,131675543.12,16512484.71,379087739,59197317,44026020,116308045.59,,8818342,,755625491.42
2020-03-27T00:00:00Z,129956390.23,15352133.51,381597337,63117470,48068600,114142639.31,,10520149,,762754719.05
2020-03-28T00:00:00Z,141218250.43,14831327.36,408849484,76776921,53949920,126001206.45,,12786304,,834413413.24
2020-03-29T00:00:00Z,143546787.2,13899851.1,458092308,85233174,58545010,119240007.8,,12780661,,891337799.0999999
2020-03-30T00:00:00Z,152578761.24,14932781.65,424969440,90246204,57841950,114650828.14,,11764878,,866984843.03
2020-03-31T00:00:00Z,169433438.84,15009724.18,442716933,99519016,60467920,97433533.2,,11286836,,895867401.22
2020-04-01T00:00:00Z,173453692.06,15458031.77,456316893,105994216,62038220,86062774.42,,11162023,,910485850.2499999
2020-04-02T00:00:00Z,150068176.45,16024670.17,441509332,88955984,50958690,56929255.91,,10356923,,814803031.53
2020-04-03T00:00:00Z,150481767.44,15768294.21,462531271,92597186,52754680,65903934.1,,10010181,,850047313.75
2020-04-04T00:00:00Z,160224298.88,15995605.74,455416730,98070106,53056990,69984218.64,,11436481,,864184430.26
2020-04-05T00:00:00Z,166866495.72,15847484.85,443585096,98974752,53757920,67368499.51,,10152767,,856553015.08
2020-04-06T00:00:00Z,213973151.93,17516265.07,453129854,113951448,54074900,69655110.15,,11933160,,934233889.15
2020-04-07T00:00:00Z,185702441.08,17299540.17,441856679,118080618,56463060,62203648.18,,11889924,,893495910.43
2020-04-08T00:00:00Z,194284580.89,17603021.05,444147218,108758004,57200940,66009553.13,,11756678,,899759995.07
2020-04-09T00:00:00Z,203655378.89,17265897.32,456234675,123435300,59552040,57442640.04,,11226058,,928811989.25
2020-04-10T00:00:00Z,196615051.36,16354280.39,500320570,121699348,56512040,52067309.24,,12526254,,956094852.99
2020-04-11T00:00:00Z,200230571.8,16482597.1,515279381,132202472,54997260,66113753.37,,13214827,,998520862.2700001
2020-04-12T00:00:00Z,210832297.26,16744745.83,501967280,112158300,57190530,68754010.96,,13605628,,981252792.05
2020-04-13T00:00:00Z,202644675.42,16078299.86,497126313,117640462,56263420,63179093.79,,12821272,,965753536.0699999
2020-04-14T00:00:00Z,216663768.59,16250715.84,496233046,122411098,54130530,62672960.06,,12155668,,980517786.49
2020-04-15T00:00:00Z,236523841.06,15622416.46,527765540,137421188,59564980,66208422.58,,12737474,,1055843862.1
2020-04-16T00:00:00Z,217518369.37,16685160.09,482596396,120608190,56034500,70341843.48,,13396791,,977181249.94
2020-04-17T00:00:00Z,223891835.62,16515793.63,475397611,115341418,53900770,63944738.5,,12809618,,961801784.75
2020-04-18T00:00:00Z,243837322.03,16899756.32,496294687,124228478,53224710,64540448.28,,12753337,,1011778738.63
2020-04-19T00:00:00Z,236380931.41,16656875.35,485488534,116853704,54457360,56241331.99,,14503630,,980582366.75
2020-04-20T00:00:00Z,238027437.16,16120150.21,510664596,125745424,60045380,63582048.59,,13485223,,1027670258.96
2020-04-21T00:00:00Z,237099956.17,16061304.32,522962148,115166386,59034450,61640181.53,,12861801,,1024826227.02
2020-04-22T00:00:00Z,251505696.7,16758410.71,533458900,128000684,61257600,64371936.2,,14653899,,1070007126.6100001
2020-04-23T00:00:00Z,212038821.47,18776026.92,494820838,109556040,54424890,56479906.06,,13951112,,960047634.45
2020-04-24T00:00:00Z,209138068.92,19013281.94,473479630,127705242,50002650,63472823.77,,14343267,,957154963.63
2020-04-25T00:00:00Z,211913296.8,19060415.96,485282555,139103434,50663270,55436095.15,,16763928,,978222994.91
2020-04-26T00:00:00Z,221114813.84,19493037.22,488656184,138297102,52050310,70018190.55,,20128509,,1009758146.61
2020-04-27T00:00:00Z,228864002.39,19634432.38,458750280,135271926,54856200,60849903.85,,20949652,,979176396.62
2020-04-28T00:00:00Z,238823909.72,19714491.91,469438359,143019390,57808280,62511128.04,,21106208,,1012421766.67
2020-04-29T00:00:00Z,236493091.42,22659807.49,452531909,153018204,82772870,69651936.06,,29045207,,1046173024.97
2020-04-30T00:00:00Z,242052097.01,24211219.01,418111117,142349602,77955070,69795444.74,,30353833,,1004828382.76
2020-05-01T00:00:00Z,271986207.08,24809398.74,443903621,152770796,76336420,73341966.95,,30778936,,1073927345.77
2020-05-02T00:00:00Z,266433325.88,25058419.42,454999074,161406996,75380970,79463022.32,,30642938,,1093384745.62
2020-05-03T00:00:00Z,292946001.48,24817796.88,458904471,165851572,75705850,80053792.15,,31909899,,1130189382.51
2020-05-04T00:00:00Z,275649150.62,24836739.18,458644726,171060940,79005460,76190520.37,,29092871,,1114480407.17
2020-05-05T00:00:00Z,282890301.17,25143162.52,483679603,164225348,81514050,80894549.46,,28953536,,1147300550.15
2020-05-06T00:00:00Z,315325904.61,25870342.98,526851565,204409718,90508660,88877567.3,,29323200,,1281166957.89
2020-05-07T00:00:00Z,328304880.61,28964286.94,569569565,214480930,88801670,99069232.48,,31809641,,1361000206.0300002
2020-05-08T00:00:00Z,342227214.87,28463205.32,578665163,256086744,83598990,105563400.48,,33109224,,1427713941.67
2020-05-09T00:00:00Z,384370887.3,27843321.5,585000828,254870324,85461690,104809945.58,,33398970,,1475755966.3799999
2020-05-10T00:00:00Z,219696975,24885218.98,474690317,210613538,74237300,93033734.46,,29635635,,1126792718.44
2020-05-11T00:00:00Z,221178651.1,24573545.63,476729260,192698628,75554810,97580452.17,,28843166,,1117158512.9
2020-05-12T00:00:00Z,225079293.84,25160541.97,499906802,193885849,75057790,102334092.47,,29868352,,1151292721.28
2020-05-13T00:00:00Z,271808418,26643948.43,574209319,193802925,80905260,103765402.23,,28558965,,1279694237.6599998
2020-05-14T00:00:00Z,290688023.78,28322584.72,597945293,194209455,80566930,113701035.44,,28537171,,1333970492.94
2020-05-15T00:00:00Z,292179709.14,27011046.85,593455699,186141623,75919600,105074645.11,96822943.0795903,26366888,,1402972154.1795902
2020-05-16T00:00:00Z,301979063.52,27261596.8,576029809,175497779,72916160,104544185.22,95293528.6518113,29860189,,1383382311.1918113
2020-05-17T00:00:00Z,305139987.03,28833963.41,615234758,180275719,77435200,108447117.96,102558015.225283,30801062,,1448725822.625283
2020-05-18T00:00:00Z,315115409.34,29309482.88,582078418,214214129,80438300,108129043.7,108553678.360812,31798616,,1469637077.280812
2020-05-19T00:00:00Z,307315643.23,29566866.02,583781304,194528481,77315280,109309315.29,105687436.64306,29662768,,1437167094.18306
2020-05-20T00:00:00Z,318012476.34,28584725.69,596536016,205672297,77301050,115088443.34,118948500.512475,32123218,,1492266726.882475
2020-05-21T00:00:00Z,298277439.65,27169930.74,587746155,186749483,76147780,104318302.13,126181926.066738,29095322,,1435686338.586738
2020-05-22T00:00:00Z,318649779.29,27436705.59,593708672,193073071,76479340,104728936.08,127245454.184778,29763737,,1471085695.144778
2020-05-23T00:00:00Z,313075092.99,27485921.78,567610576,198024437,75606810,102121798.96,129122121.421656,30397920,,1443444678.1516562
2020-05-24T00:00:00Z,292868661.9,26227950.43,581754680,182082285,79466130,101705749.57,130944171.134854,31601880,,1426651508.0348537
2020-05-25T00:00:00Z,309943994.92,26645123.86,587080817,181323401,75754030,118800654.84,131168660.353461,30085420,,1460802101.973461
2020-05-26T00:00:00Z,312197631.4,26451171.06,599729449,188727317,77499140,104131334.33,134573172.9134,30004272,,1473313487.7034
2020-05-27T00:00:00Z,342188761.76,27584801.29,598359217,199581659,71351040,112801754.46,147617126.691643,30406422,,1529890782.201643
2020-05-28T00:00:00Z,339554947.88,28769743.51,613079942,193281599,73931630,109294149.8,146079055.194294,30364656,,1534355723.384294
2020-05-29T00:00:00Z,348658006.03,28616579.25,610918389,194991273,73498020,104984626.38,145069574.598851,30625902,,1537362370.258851
2020-05-30T00:00:00Z,326404566.13,29471033.29,612170801,180201793,77663030,109446352.97,147398651.588358,29349627,,1512105854.978358
2020-05-31T00:00:00Z,324720487.97,28792391.92,584423105,181840099,76787540,106043412.93,144513153.143678,30524566,,1477644755.9636781
2020-06-01T00:00:00Z,328069212.4,32359047.99,673979985,183286829,94143720,112819022.78,156252608.61543,28359759,,1609270184.78543
2020-06-02T00:00:00Z,243288613.95,30472516.07,555505277,187242082,80014630,141022016.03,134003547.482424,29725668,,1401274350.532424
2020-06-03T00:00:00Z,266403965.35,30909843.63,550022673,188755502,77362270,126048596.66,124438500.856256,29085253,,1393026604.496256
2020-06-04T00:00:00Z,286177772.93,31480747.26,577980752,186901862,77394200,126915439.57,128269777.946698,30208767,,1445329318.706698
2020-06-05T00:00:00Z,287403532.45,30931990.06,572279253,202094834,80357490,123869005.09,142741839.930985,30587830,,1470265774.5309849
2020-06-06T00:00:00Z,287914399.04,31042484.87,574436536,203297254,80802570,118452252.06,136614601.212272,33620560,,1466180657.182272
2020-06-07T00:00:00Z,290322591.36,31104092.44,581507674,191466884,81782540,118374078.69,172279165.550285,31752354,,1498589380.040285
2020-06-08T00:00:00Z,299004762.7,31279500.22,627711290,199732444,82786160,114516338,146672624.899399,31066703,,1532769822.819399
2020-06-09T00:00:00Z,293162886.8,31253022.15,636240798,188058756,83331020,117939557.72,142694506.150998,32893572,,1525574118.820998
2020-06-10T00:00:00Z,293138448.07,31626469.28,632586151,200867010,86118100,127627355.79,145242716.581473,30508710,,1547714960.7214727
2020-06-11T00:00:00Z,298150291.83,29792769.65,629859243,211361214,92012100,111325368.83,159370340.642622,30408879,,1562280206.952622
2020-06-12T00:00:00Z,289982532.77,30375006.47,603555578,190952874,91598690,127306493.47,153541190.53621,28704813,,1516017178.24621
2020-06-13T00:00:00Z,286830419.33,30299481.34,600181431,193809794,91522570,122763582.85,154614330.983826,29715670,,1509737279.503826
2020-06-14T00:00:00Z,299668307.77,29927550.1,632617251,203582214,94280600,119717260.54,153729217.023717,30603175,,1564125575.433717
2020-06-15T00:00:00Z,329082418.94,30589925.27,626364963,194144848,93006350,124413154.92,155686875.908096,30735544,,1584024080.0380962
2020-06-16T00:00:00Z,318560227.42,30543150.69,627577654,188329874,91875690,120062659.43,153769213.338417,32992976,,1563711444.8784173
2020-06-17T00:00:00Z,323010324.58,30548600.3,639106400,204183558,87205320,120599911.01,162421704.8422,33751220,,1600827038.7322
2020-06-18T00:00:00Z,334520530.25,30579865.54,633410345,204183558,89602060,119301965.43,152215188.230784,33751220,,1597564732.450784
2020-06-19T00:00:00Z,335874214.05,30290536.67,619011050,204183558,91433170,123004897.12,159312504.712885,33751220,,1596861150.552885
2020-06-20T00:00:00Z,339449876.3,30681472.23,592753091,204183558,91996550,123325789.17,171519836.512262,33751220,,1587661393.2122622
2020-06-21T00:00:00Z,336255309.63,30332380.68,596529678,204183558,94048260,121051381.36,158571253.778641,33751220,,1574723041.4486408
2020-06-22T00:00:00Z,349548481.38,34754207.7,645197124,212576993,94191420,130995271.2,179185186.025943,30914890,,1677363573.305943
2020-06-23T00:00:00Z,380352095.88,36823772.36,649321846,231099149,95485040,113374528.3,171668261.024297,32048002,,1710172694.564297
2020-06-24T00:00:00Z,363708085.4,35608097.75,653748604,238343119,98584210,112247163.55,184687871.425169,29068920,,1715996071.125169
2020-06-25T00:00:00Z,342613404.89,34500455.79,656529130,207102757,96812090,125439289.78,169260487.611683,29472710,,1661730325.071683
2020-06-26T00:00:00Z,355917719.54,32381468.55,677186368,213814277,108894070,128258164.76,189074507.629577,30028932,,1735555507.4795768
2020-06-27T00:00:00Z,370660184.41,31619196.12,708751135,207496115,99595940,122415307.85,183577822.55719,31507143,,1755622843.9371898
2020-06-28T00:00:00Z,373504183.51,31786068.98,684195038,208078107,97516480,126323821.85,174481931.973815,30240415,,1726126046.3138149
2020-06-29T00:00:00Z,375470264.45,31831838.79,668677606,214316857,95953340,125729096.84,183810570.73572,31266396,,1727055969.8157198
2020-06-30T00:00:00Z,379934983.95,31689877.97,648387038,225134768,93583830,122913471.16,182187943.021708,32195383,,1716027295.1017082
2020-07-01T00:00:00Z,383410656,32047338.06,665123505,233313490,94145710,119454042.91,186921045.892975,31395796,,1745811583.8629751
2020-07-02T00:00:00Z,371935911.45,30848085.75,690074257,218065792,93963950,112760898.51,198767839.257338,29982502,,1746399235.967338
2020-07-03T00:00:00Z,368766402.45,30506216.48,680372386,240734408,94549290,114328667.86,187913081.622566,31046898,,1748217350.412566
2020-07-04T00:00:00Z,372462965.37,30627801.34,665420536,222110308,92511900,117773385.76,193694236.753984,31377699,,1725978832.223984
2020-07-05T00:00:00Z,365158366.81,30383302.04,662267270,226584442,94883860,114400424.86,210484229.783013,31735530,,1735897425.4930127
2020-07-06T00:00:00Z,391198194.17,31745579.18,668458732,249756506,95370440,124572279.45,206848192.968952,33384384,,1801334307.768952
2020-07-07T00:00:00Z,390102934.82,31668627.26,668886216,232455802,99386520,116372666.29,198291455.378559,33073287,,1770237508.748559
2020-07-08T00:00:00Z,416602633.87,33481316.73,693373289,271147838,94646660,121488636.55,213642546.899583,35863887,,1880246808.049583
2020-07-09T00:00:00Z,384552114.58,32836727.45,665065578,287759422,94893770,115139537.06,208096528.195219,34521587,,1822865264.285219
2020-07-10T00:00:00Z,380481582.36,33352239.81,640789225,295241262,90764130,117379701.42,205235523.601052,34297599,,1797541263.1910522
2020-07-11T00:00:00Z,375840090.99,32916858.85,643274770,304017062,92335770,116564193.38,212100205.274621,34180632,,1811229582.4946213
2020-07-12T00:00:00Z,371528769.08,34864633.08,637572478,317536854,92381630,119694625.12,207396847.757015,34162123,,1815137960.037015
2020-07-13T00:00:00Z,385190875.31,34696824.73,667971170,372273524,92934730,115073353.83,209046671.296017,33707904,,1910895053.1660168
2020-07-14T00:00:00Z,374092790.82,34834361.1,643422064,374376432,92762010,120482552.65,213869681.457384,35596965,,1889436857.0273843
2020-07-15T00:00:00Z,388971295.14,34652262.82,691876437,378118748,92187950,119532888.56,215134191.102386,35774238,,1956248010.622386
2020-07-16T00:00:00Z,404583358.6,34440840.97,713213375,401260632,93685530,115658973.6,235438765.870787,34328606,,2032610082.040787
2020-07-17T00:00:00Z,409501186.97,34543538.67,701494235,397100194,90790140,118270289.98,219832441.390135,33701190,,2005233216.010135
2020-07-18T00:00:00Z,399026136.21,34603179.14,698410927,389606104,90508730,118612759.46,213463884.147405,32719289,,1976951008.9574049
2020-07-19T00:00:00Z,403063200.23,34731610.91,712522050,374975354,90277230,119929885.8,221464004.103778,32923290,,1989886625.0437777
2020-07-20T00:00:00Z,389081222.07,34542802.06,707382032,357853712,87628390,119706852.22,209826981.503879,33602974,,1939624965.853879
2020-07-21T00:00:00Z,435552250.96,37457984.23,754645455,356579022,92239910,126361213.35,252565932.414325,33368349,,2088770116.954325
2020-07-22T00:00:00Z,416248696.51,38473325.74,776828151,353734728,92592500,129400319.12,241185199.32117,35034867,,2083497786.6911702
2020-07-23T00:00:00Z,411128993.3,39618323.69,776132079,354875934,92967490,130177401.03,248556440.14117,36228011,,2089684672.16117
2020-07-24T00:00:00Z,401208771.74,40111142.43,753528779,350098348,91514750,127709809.2,236229201.471511,32848291,,2033249092.841511
2020-07-25T00:00:00Z,411963429.45,41399091.87,791887777,367397962,93114540,139142061.98,243100877.758116,34553036,,2122558776.058116
2020-07-26T00:00:00Z,370171684.48,45095435.5,775074817,344809646,98293710,140371397.6,219942937.780385,36835262,,2030594890.360385
2020-07-27T00:00:00Z,403856688.41,55563136.06,720943734,339743812,119094000,155900958.13,232887739.921538,41755194,,2069745262.5215383
2020-07-28T00:00:00Z,397200571.27,55140279.99,712388843,285862574,128932470,171372740.09,211200532.280573,39931700,,2002029710.630573
2020-07-29T00:00:00Z,427283403.05,60084526.69,722504083,340173072,128577170,174650990.69,215037240.313846,38032376,,2106342861.743846
2020-07-30T00:00:00Z,432122575.52,60613787.89,719823863,381004776.375,126930910,175637851.08,232129810.25232,39890738,245226440.066,2413380752.18332
2020-07-31T00:00:00Z,444966329.61,63769545.51,765749375,409789779.44,123254190,162818350.95,242523197.961101,38021793,248805954.462,2499698515.9331007
2020-08-01T00:00:00Z,482644060.08,74377200.79,743808999,456931199.355,121180670,164415170.53,259272179.707905,39744178,271205364.404,2613579021.8669047
2020-08-02T00:00:00Z,349161501.12,72720760.61,637213075,361812427.28,122194720,147950991.46,229620414.155235,39693492,213813370.184,2174180751.809235
2020-08-03T00:00:00Z,360646629.97,73825068.24,647291826,384121895.1,111624630,141283883.42,229945113.600126,43265149,210464247.62,2202468442.950126
2020-08-04T00:00:00Z,363204959.37,73456973.65,657360749,355956164.32,111652040,140065510.25,233346171.090909,45090284,215832192.28,2195965043.960909
2020-08-05T00:00:00Z,412809034.9,78871376.53,686778819,375927305.94,117743790,153920366.28,241400365.410974,44494433,234095090.88,2346040581.9409738
2020-08-06T00:00:00Z,429790037.55,83155679.79,696314118,406371493.805,116806960,157179126.61325,245026368.359372,46076564,234653699.293,2415374047.410622
2020-08-07T00:00:00Z,375566701.25,82084147.66,704170888,381123299.025,118762200,158988041.0293,259575770.135389,42091889,227877099.952,2350240036.0516887
2020-08-08T00:00:00Z,399179061.71,85341327.05,675298951,355850761.12,118621570,151277512.18535,240850060.764745,40702200,229529959.772,2296651403.6020947
2020-08-09T00:00:00Z,404879907.99,84880985.24,709796120,379709050.29,119134440,150417033.4017,256678298.153034,41332932,225364981.822,2372193748.8967338
2020-08-10T00:00:00Z,409426772.83,89487580.87,730627396,407318899.9,118868120,152538841.9338,230116988.951607,45313222,236807568.75,2420505391.235407
2020-08-11T00:00:00Z,415091454.48,85853866.07,721694240,400017937.78,125017750,155123827.2556,243210916.010928,42656100,226799246.673,2415465338.269528
2020-08-12T00:00:00Z,413305189.43,85213393.88,705389699,381892235.38,117094480,147783592.439,227323069.143803,41200306,207342430.908,2326544396.1808033
2020-08-13T00:00:00Z,407263468.12,86678235.81,690756977,397813969.25,120862420,149206231.14305,231856477.058399,42376349,210316939.69,2337131067.071449
2020-08-14T00:00:00Z,398984954.59,88269156.68,708219656,412089612.575,126741840,159764221.617,220165502.709493,41354287,222174776.475,2377764007.646493
2020-08-15T00:00:00Z,415127450.48,91053516.63,733479746,410145318.28,124481720,163516836.9249,218086484.329859,42213111,236318578.79,2434422762.434759
2020-08-16T00:00:00Z,422382316.94,91718311.39,721894949,444507098.865,126201570,159552351.81505,216505813.106082,42850995,239800766.175,2465414172.291132
2020-08-17T00:00:00Z,451273232.53,98642386.56,774028297,468629901,124493020,170742911.6375,231909474.747637,40034074,257609268.136,2617362565.611137
2020-08-18T00:00:00Z,455837523.77,96669469.64,722634712,462913066.85,131532830,174524871.9383,242840294.733357,39660749,233851293.432,2560464811.363657
2020-08-19T00:00:00Z,423988292.79,94638122.07,700702018,444793738.31,121327080,159126078.966,245407120.635948,39708197,205772150.222,2435462797.993948
2020-08-20T00:00:00Z,420615078.9,95482717.55,677752329,465839903.4,122120780,155585318.724,239898724.098843,38708298,212731674.645,2428734824.317843
2020-08-21T00:00:00Z,394743346.7,91219951.95,724681169,453708525.28,119573760,147064766.2224,234710240.617782,36448598,221661813.792,2423812171.562182
2020-08-22T00:00:00Z,390938838.66,91584089.25,692686983,428225387.6,115603640,142992946.8304,250430943.924508,36368041,220966381.495,2369797251.759908
2020-08-23T00:00:00Z,391600703.14,91247837.46,706192418,427007078.98,117953620,146802021.5808,233956739.796819,34614656,215862215.818,2365237290.7756186
2020-08-24T00:00:00Z,414615282.86,92002110.99,718933482,437986096.16,119701570,152527650.743,235974340.977923,35123013,219050809.6,2425914356.3309226
2020-08-25T00:00:00Z,426735283.75,80231692.09,738528500,421058904,130393830,150350390.4438,253088087.93987,37949256,247909920.418,2486245864.64167
2020-08-26T00:00:00Z,404608501.16,78167559.73,703748646,383132409.82,118637610,142063144.5132,247512245.963673,35773744,237270253.576,2350914114.762873
2020-08-27T00:00:00Z,407700948.62,71728804.63,727669537,383122877.915,117972340,134848257.6959,268647684.724332,36610922,230235898.08,2378537270.6652317
2020-08-28T00:00:00Z,421216782.62,70682186.49,725918618,379323338.66,100125180,141766623.41985,266778727.032346,34686003,218547372.56,2359044831.782196
2020-08-29T00:00:00Z,421567370.6,70304109.5,726452197,381433738.93,100852150,140698889.1145,269698239.035923,33443586,208269777.9,2352720058.080423
2020-08-30T00:00:00Z,435531060.87,74321378.11,735603663,392459588,104564800,147629764.23745,267628434.344998,35271910,218906888.688,2411917487.250448
2020-08-31T00:00:00Z,464527721.08,76774872.9,747959384,391986147.57,105091840,140936018.50845,255045359.134112,37445207,224500593.64,2444267143.832562
2020-09-01T00:00:00Z,485454785.12,80738108.07,768423860,395791561.655,102562690,159523564.05,263535911.182737,39082353,245388622.616,2540501455.693737
2020-09-02T00:00:00Z,431374038.19,77019282.2,708835029,420432132.95,105789280,146681811.6696,270933392.352946,38685504,260150747.006,2459901217.368546
2020-09-03T00:00:00Z,311824086.98,61494855.35,617573273,296083044.48,113592350,112549853.4836,249098089.655172,37170374,224260845.704,2023646772.652772
2020-09-04T00:00:00Z,342417367.6,63040183.7,594963209,226213830.54,96004050,107201978.5725,189326496.168516,34771575,191581822.938,1845520513.519016
2020-09-05T00:00:00Z,336697946.97,60792886.22,576105085,221122330.93,92051940,96503504.5528,189667343.111835,33739145,188283014.529,1794963196.313635
2020-09-06T00:00:00Z,356551142.64,62000753.25,578917153,224766347.5,93010230,116864083.88395,188612830.851891,34887843,184842966.043,1840453350.168841
2020-09-07T00:00:00Z,365905364.24,62316413.49,569934153,230117395.555,96346730,118530438.31055,205497052.539249,35189463,190306535.525,1874143545.659799
2020-09-08T00:00:00Z,361299531.81,60956299.44,578244800,259841945.965,95462710,105125308.85,200668654.230571,34478904,193739838.15,1889817992.445571
2020-09-09T00:00:00Z,365454047.19,61687201.27,547885815,268305285.82,96230500,109092950.95635,192154905.37007,31823327,191987970.642,1864622003.24842
2020-09-10T00:00:00Z,365655890.77,62289499.08,566761881,279645195.185,103206400,109521039.417,198537481.203317,30594479,187941331.089,1904153196.744317
2020-09-11T00:00:00Z,365017912.21,62589263.25,558089197,284862411.64,98325250,107413041.9582,199461908.58602,29932521,191050521.725,1896742027.3692198
2020-09-12T00:00:00Z,364155421.56,63042776.16,570497138,289326882.48,94285280,108139812.0477,199682121.726409,30918143,196822027.74,1916869602.714109
2020-09-13T00:00:00Z,364027784.36,62191259.91,585577254,300100525.72,95433700,112516071.1425,194592209.697618,33420198,197258331.61,1945117334.4401178
2020-09-14T00:00:00Z,373360257.93,64268183.48,611875721,288141518.635,94937220,126426902.41545,214719528.572495,32192053,221505109.97,2027426495.0029452
2020-09-15T00:00:00Z,382886134.95,65265094.63,586720977,283878957.23,91761180,125269854.7824,211566262.552204,31749507,220800563.488,1999898531.632604
2020-09-16T00:00:00Z,414663150.28,66962315.88,610230127,313026893.25,99073940,146690868.1728,217775160.446742,31015277,237047158.154,2136484890.183542
2020-09-17T00:00:00Z,392601966.54,66979202.35,600645372,316537320.47,100006240,142377317.2605,216381331.721586,31759697,229174586.039,2096463033.381086
2020-09-18T00:00:00Z,388350202.04,67020910.79,615985364,320506239.255,100760210,150034133.8875,212743984.070935,31504251,230455681.63,2117360976.6734347
2020-09-19T00:00:00Z,413907939.54,69616900.43,610161238,327168580.025,102532060,143645458.0275,218344698.215976,32520515,233261713.786,2151159103.024476
2020-09-20T00:00:00Z,413083411.74,69042726.21,597439989,306185590.04,101245840,139502070.30655,213298952.359683,32568585,224419752.15,2096786916.8062332
2020-09-21T00:00:00Z,405570049.72,66091933.66,591944563,270114958.32,104809150,130241710.0854,206032976.435743,30645091,211073022.264,2016523454.4851432
2020-09-22T00:00:00Z,413892579.89,65792301.15,564450110,276659809.2,92368130,129384130.49845,210957296.320034,31214893,223173267.182,2007892517.240484
2020-09-23T00:00:00Z,434301023.49,61523503.65,590195634,264289258.775,94040200,126021501.51105,207795600.39436,31138464,216806138.448,2026111324.26841
2020-09-24T00:00:00Z,413681559.09,63781980.07,555745550,283926549.34,89472480,134617809.7199,207251143.273104,31368762,222434650.45,2002280483.943004
2020-09-25T00:00:00Z,406351100.64,63245361.85,563784054,310941303.74,90513670,137995386.256,198461551.689265,29241487,223997191.194,2024531106.369265
2020-09-26T00:00:00Z,422340758.55,63487304.73,573644750,310178040.3,88510260,139772998.93375,194287101.127013,28834787,234072280.807,2055128281.4477627
2020-09-27T00:00:00Z,420883088.77,63690662.91,562501403,311698476.505,89754200,139052791.11735,195573265.015298,29524433,234843975.988,2047522296.3056479
2020-09-28T00:00:00Z,371981026.56,63332270.5,560941843,325046037.445,89883920,129011264.68,191282751.527047,30861389,232404824.311,1994745327.023047
2020-09-29T00:00:00Z,399571835.56,63982117.15,559839056,343366319.81,87380040,136249974.1428,199824733.208955,31209418,228571985.663,2049995479.5347552
2020-09-30T00:00:00Z,406687070.84,63616844.5,573196576,365370045.51,88554750,135588358.2396,195930815.944544,31686533,218614461.415,2079245455.449144
2020-10-01T00:00:00Z,395092692.75,62588094.93,500349316,386734195.66,89585090,126959679.1098,195854192.255023,28437837,213740640.38,1999341738.0848231
2020-10-02T00:00:00Z,418042512.62,62375026.05,454431145,387433446.925,86739170,126175152.87,212249513.846974,28946441,212021636.648,1988414044.959974
2020-10-03T00:00:00Z,421102865.06,62274507.37,451250573,377626083.57,86072080,129951132.96875,211812207.891067,29153479,218935645.53,1988178574.389817
2020-10-04T00:00:00Z,423617192.36,62991090.37,448062137,373177252.6,87493170,145411099.0283,218057430.675566,31425288,230483748.32,2020718408.353866
2020-10-05T00:00:00Z,455073841.76,63165972.38,461596248,401330735.2,93809680,148837133.68335,218975631.933384,28702724,234213463.275,2105705430.2317343
2020-10-06T00:00:00Z,420129481.99,61459918.01,458126439,427201820.48,98564570,150755078.7253,203214773.253789,29902046,225771167.086,2075125294.545089
2020-10-07T00:00:00Z,431317932.98,61590618.76,425079202,432596784.39,99005710,157778336.6614,208016762.233307,29257439,234598101.854,2079240887.8787072
2020-10-08T00:00:00Z,451253448.92,62215489.78,433488707,445362015.96,108249880,169003398.8987,210052321.374885,29728622,245843600.524,2155197484.4575853
2020-10-09T00:00:00Z,465041405.39,63022936.28,440750296,452920414.32,117789800,192482818.0372,212016740.310238,32950804,258988573.495,2235963787.832438
2020-10-10T00:00:00Z,470228733.56,64068298.51,416901940,460606716.2,122627870,198565561.328,194976706.703572,33927248,239366435.6,2201269509.901572
2020-10-11T00:00:00Z,481478267.61,64663349.88,412887524,464131323.12,122723100,197493453.6088,200710797.775187,33791623,246408793.984,2224288232.9779873
2020-10-12T00:00:00Z,462186299.01,66241915.55,408576832,473649693.105,124175550,201027638.31345,199020688.192246,34628469,244647228.222,2214154313.392696
2020-10-13T00:00:00Z,457143826.07,65591229.83,399067586,474449788.82,121153660,196105499.1,200718084.833582,33299502,236453137.52,2183982314.173582
2020-10-14T00:00:00Z,448520827.53,66058830.99,405069266,449572123.35,120850140,192199838.3028,198481448.409872,33899092,237453036.19,2152104602.7726717
2020-10-15T00:00:00Z,455082272.12,65970364.93,408964984,459023428.55,118114840,176049862.2526,202251714.414778,33386347,234379729.125,2153223542.392378
2020-10-16T00:00:00Z,463494090.72,65146177.97,395564536,457010848.1,121066870,162183280.727,202942370.860857,34490145,227955797.294,2129854116.6718569
2020-10-17T00:00:00Z,455099972.9,64457563.94,394261569,450231234.8,117648690,163793975.7825,200998251.071148,33778697,228105490.228,2108375444.7216477
2020-10-18T00:00:00Z,473946381.75,65053765.88,406304325,445543526.065,119704300,166969323.6092,203833741.555494,34534680,239405608.26,2155295652.1196938
2020-10-19T00:00:00Z,518865581.48,67210920.06,428372771,492088450.97,131764120,184108323.7466,223878903.702479,35123949,252456419.78,2333869439.739079
2020-10-20T00:00:00Z,577152986.75,69686444.72,409563520,501569939.6,137837260,204817041.07405,229877562.37164,34785728,245517365.125,2410807847.64069
2020-10-21T00:00:00Z,617753080.13,83455610.99,373618604,514546191.6,152275570,231294182.138,224527443.080395,36614982,218637015.888,2452722679.826395
2020-10-22T00:00:00Z,650089872.58,85279190.03,367297517,536336444.5,151431580,250689076.3647,208713194.684307,36015304,231668434.41,2517520613.569007
2020-10-23T00:00:00Z,659376011.69,84597001.98,370738682,586223677.925,152933950,240151525.1748,214838217.45674,39101474,225078454.279,2573038994.50554
2020-10-24T00:00:00Z,695827264.74,85881141.7,395358621,596070008,157111450,252130735.71615,228786660.487714,40679494,236173136.15,2688018511.7938643
2020-10-25T00:00:00Z,633431921.81,85893341.55,374235622,604562294.08,154508990,247102324.0858,220296989.504001,39514918,227531514.362,2587077915.391801
2020-10-26T00:00:00Z,638521440.72,86547995.28,397452708,583282313.95,153678200,244405607.3909,227697973.273757,42097311,237437015.748,2611120565.362657
2020-10-27T00:00:00Z,710655059.25,97030855.24,394828865,573205112.35,165850250,258704354.2568,233725475.151612,43826980,265656965.52,2743483916.768412
2020-10-28T00:00:00Z,614985952.84,94373464.94,385442235,485932018.03,172245380,244493875.26375,221832533.151702,40032502,251696212.752,2511034173.977452
2020-10-29T00:00:00Z,675694550.58,95829026.35,407163373,540792170.89,181171100,249665100.892,217876803.20927,41197231,264368016.107,2673757372.0282702
2020-10-30T00:00:00Z,713463230.15,98034438.79,412385581,518195720.62,162216240,229596519.074,197820839.905066,43945444,268092380.752,2643750394.2910657
2020-10-31T00:00:00Z,751808869.77,101513752.75,418268133,573591601.955,161340790,241963853.5741,230742431.60479,48560322,282669320.52,2810459075.17389
2020-11-01T00:00:00Z,745076393.72,100779894.31,418285396,587791201.925,148078960,231697555.375,222795911.171138,44381406,273701366.735,2772588085.236138
2020-11-02T00:00:00Z,723740951.73,99882850.44,411177905,551082790.16,144833930,215963330.31925,228106402.965714,42758253,263052508.644,2680598922.258964
2020-11-03T00:00:00Z,761431120.84803,103060941.988222,392878779,566349450.48,155896570,231333254.042,206284463.064719,44823363,273002755.74,2735060698.1629705
2020-11-04T00:00:00Z,776663090.94279,106425102.076468,390391393,593670939,164029890,230318425.92465,204760343.3891,45289782,263797880.468,2775346846.801008
2020-11-05T00:00:00Z,796995670.974,133584208.013314,400143919,586559264.93,189225910,256294233.6516,201386993.495098,44471251,253928258.8,2862589709.864012
2020-11-06T00:00:00Z,785408500.28207,135867606.783521,389436540,610372299.02,191170080,230085586.4315,234834982.192508,50460399,253822398.408,2881458392.117599
2020-11-07T00:00:00Z,674870878.34624,127907703.149821,353063801,540859288.08,182835130,221571601.356,215124869.736856,54624371,233679250.086,2604536892.754917
2020-11-08T00:00:00Z,737346024.44592,135771114.82094,374075425,587765705.36,193573970,227506699.136,227717963.375171,57038188,241019007.47,2781814097.608031
2020-11-09T00:00:00Z,701393640.3843,134856199.390183,375148226,618442056.74,181962170,228762153.41855,223179239.840283,48437794,243185875.296,2755367355.069316
2020-11-10T00:00:00Z,698704007.1004,134260019.959098,366685838,640318491.14,177479040,228495358.3304,222121573.075176,48544569,231580595.2,2748189491.8050737
2020-11-11T00:00:00Z,767361948.37705,139031970.569568,395541104,727082424.08,193913120,246033495.6253,226935455.503859,52527833,274964350.48,3023391701.635777
2020-11-12T00:00:00Z,821533379.532,148907562.733076,418284396,759444900.27,198321600,284985694.3615,237822691.95116,43743585,287361383.135,3200405192.9827356
2020-11-13T00:00:00Z,801311550.93298,150920739.074116,423168128,752156196.9,191971900,286885108.9456,250382601.598767,42604261,274148600.116,3173549086.567463
2020-11-14T00:00:00Z,780035645.74574,148759735.181001,415236288,684163230.5,183421690,277358920.4403,241138009.023779,41732410,277683253,3049529181.89082
2020-11-15T00:00:00Z,781627215.05184,147580115.285273,432075026,700238727.8,181896600,259112452.4474,247378183.661139,39947699,270033857.795,3059889877.0406523
2020-11-16T00:00:00Z,837689107.3112,157699619.336106,437671554,816794322.955,185611510,287894789.33765,276359729.386627,42267303,296298600.524,3338286535.850583
2020-11-17T00:00:00Z,875646746.27077,177985203.895863,432254270,792590326.46,203865380,308226964.5486,280568235.128935,45233418,289919458.752,3406290003.056168
2020-11-18T00:00:00Z,820875367.99356,189286382.868481,405137095,866385443.815,199704070,305200718.719,272540144.052492,45297148,273549703.848,3377976074.296533
2020-11-19T00:00:00Z,851592548.05355,188936750.973879,434290572,950268486.775,198309160,295209507.13505,282374951.83539,45962298,281352677.174,3528296951.946869
2020-11-20T00:00:00Z,880477286.28,199423549.500081,484062146,1060172720.41,201639910,326499782.5806,306469332.084069,54754202,316406684.381,3829905613.2357497
2020-11-21T00:00:00Z,946994617.2904,200185982.12989,484841519,1050549625.65,200225440,307880788.7529,319830253.496024,47925639,323126241.552,3881560106.8712144
2020-11-22T00:00:00Z,937516879.0083,197206029.185197,485394518,1047593757.69,197917390,305610604.082,328889731.288073,51489247,320921934.046,3872540090.2995696
2020-11-23T00:00:00Z,908480554.02109,197004942.625894,513523088,1136355361.4,197349680,325493728.228,351692138.744724,49481114,325926262.927,4005306869.946708
2020-11-24T00:00:00Z,1031334176.31583,205183674.985328,507372209,939293306.805,194749750,340979722.6152,326732126.722236,46022991,322970986.976,3914638944.419594
2020-11-25T00:00:00Z,1028740681.34814,202997997.990937,520319225,869932005.945,204012110,324440332.43,324561522.266065,50634075,312244424.907,3837882374.887142
2020-11-26T00:00:00Z,733464262.02239,165337076.220039,403289237,636595476.18,213533530,233815240.652,243242193.214812,43781448,252162076.096,2925220539.385241
2020-11-27T00:00:00Z,746131047.86453,158400134.022223,413779899,627619606.8,198281510,264944372.958,244116155.843379,42611508,263522149.68,2959406384.1681323
2020-11-28T00:00:00Z,771820099.585,163411478.139801,430179863,649175051.18,203687370,250947037.0344,270346685.793703,44537173,282878114.314,3066982872.046904
2020-11-29T00:00:00Z,790232313.17651,167024867.877017,453501143,695625328.74,210328490,261788447.73715,280943317.985815,52119609,283037859.383,3194601376.899492
2020-11-30T00:00:00Z,916599577.43,183162964.921096,494570730,746762550.375,207357490,332995132.0906,328780585.386044,63048703,305792742.97,3579070476.17274
2020-12-01T00:00:00Z,809120660.3576,176143227.677072,427876295,726012855.58,210546700,302901017.8262,309508369.593852,54668124,284795901.569,3301573151.6037245
2020-12-02T00:00:00Z,837341835.24986,179095686.039544,444572492,743005786,200010430,325300387.7928,311105093.325044,55451537,281057530.459,3376940777.8662477
2020-12-03T00:00:00Z,906391419.71252,181843567.785508,451443392,777449228.16,196273100,342979391.0448,330399871.007096,58869873,294695327.445,3540345170.154924
2020-12-04T00:00:00Z,884341102.4721,175285290.621842,451770043,708359066.905,206316010,323414734.474,312415995.903118,57455218,295234116.692,3414591578.0680604
2020-12-05T00:00:00Z,894966157.472,179102841.242386,483751661,734174926.32,201180680,324956382.8014,319163228.872075,53080925,303759519.135,3494136321.842861
2020-12-06T00:00:00Z,937977470.7299,180742597.468787,471986674,768858773.93,202889430,321159371.3352,332372472.001698,51930319,317355703.401,3585272811.866585
2020-12-07T00:00:00Z,922605295.43822,179283754.206914,468263609,810835401.815,204025640,331393193.71615,321137259.449859,53609559,313886030.808,3605039743.434143
2020-12-08T00:00:00Z,891229328.78244,171455960.910662,492387430,786311015.365,189958250,331141174.23645,341478553.752414,52028619,294221015.552,3550211347.598966
2020-12-09T00:00:00Z,871633514.535,174117829.618978,516883554,788710476.515,188762870,325123482.25455,334687593.516249,51678517,299772793.522,3551370630.9617767
2020-12-10T00:00:00Z,861387567.62321,171387946.717645,506609291,805227825.51,200011550,326014205.618,330329898.942352,53175923,303730587.644,3557874796.0552073
2020-12-11T00:00:00Z,857973060.934,169776812.596951,500266063,778600202.08,178595700,293731835.0197,337797779.685396,45533786,297459391.936,3459734631.252047
2020-12-12T00:00:00Z,894828715.608,176578056.490136,505096610,815612743.135,177700760,292387188.79275,342926847.1001,44810655,304294714.12,3554236290.2459855
2020-12-13T00:00:00Z,908344580.4194,179337612.524193,492221897,795048236.865,194737760,310542700.1712,388916703.201568,61728989,330372965.953,3661251445.1343613
2020-12-14T00:00:00Z,925941625.3733,180469421.673379,511774634,831626696.46,199675680,336899388.826,396383278.533465,59972034,334181222.448,3776923981.314144
2020-12-15T00:00:00Z,984216372.58676,182193845.075713,497135211,848212360.1,203849470,348137560.9874,400701649.342464,61988754,331196448.16,3857631671.252337
2020-12-16T00:00:00Z,1096904380.14562,200887679.735528,555473127,877343617.775,220979280,390212053.2856,393302028.935804,62522929,347251322.117,4144876417.9945526
2020-12-17T00:00:00Z,1005584027.34393,215679696.229575,408943878,904969045.79,233739960,395091404.428,369459459.71569,76228572,316460329.172,3926156372.679195
2020-12-18T00:00:00Z,1066125957.96349,218198860.265414,451371471,1005361660.625,242601410,408447134.67425,376213999.707895,72521323,350051099.666,4190892916.902049
2020-12-19T00:00:00Z,1172723987.83928,224962498.829649,489744959,1019194117.08,247877640,431470442.0754,405711250.989645,79662276,370633539.216,4441980711.029974
2020-12-20T00:00:00Z,1128954831.75212,221644059.393079,501137341,1027912509.2,250070420,416556157.7367,377762447.360196,78683795,358026602.579,4360748164.021095
2020-12-21T00:00:00Z,1011942223.09115,215828432.550002,458085821,908763406.4,261217250,424657517.1737,380641199.029227,75736524,350850825,4087723198.2440786
2020-12-22T00:00:00Z,1103556645.66309,226144970.775528,469362725,973794107.41,251390670,434279077.0437,406375350.834229,72976438,350970937.597,4288850922.3235474
2020-12-23T00:00:00Z,928137080.82694,222748369.148849,481755456,876441576.5,236373070,401777453.4636,351140115.616047,72883632,350220117.68,3921476871.235436
2020-12-24T00:00:00Z,1024449337.35102,227439582.117048,508090824,934665090.995,232208730,390683538.1953,382508703.077811,72759086,351131890.641,4123936782.377179
2020-12-25T00:00:00Z,1133344260.8206,238784662.729979,507888533,1071807157.7,245042650,437225998.267,372040037.184988,90231586,352708125.56,4449073011.2625675
2020-12-26T00:00:00Z,1199657888.72044,266090179.023719,505971096,1182635046.185,266069020,469125713.448,406540197.779836,87315069,368907883.84,4752312093.996995
2020-12-27T00:00:00Z,1104164408.357,270694433.988219,481558213,1184289618.635,283531030,461057295.1936,416551098.726978,87539317,370249203.172,4659634618.072798
2020-12-28T00:00:00Z,1164190740.99853,276946669.797165,509589744,1169406957.32,282662620,499056289.1316,403301153.979395,99364196,396557367.368,4801075738.59469
2020-12-29T00:00:00Z,1214099325.712,279474584.473256,526130165,1107720473.47,266999200,502441757.8203,406076557.134377,106315709,394306817.18,4803564589.789933
2020-12-30T00:00:00Z,1273740926.60337,303896378.615997,555444556,1084065548.8,282553060,581077774.9602,435379651.543209,111490912,372680416.104,5000329224.626777
2020-12-31T00:00:00Z,1279170418.02056,307071726.237593,570321361,1069419775.98,264983000,513374040.9568,445734649.398165,106939656,374713095.084,4931727722.677117
2021-01-01T00:00:00Z,1310281893.33232,313537085.623913,585829277,1081878344.35,268359060,551370015.17105,440679132.616032,96718052,391016415.977,5039669276.070315
2021-01-02T00:00:00Z,1427326523.8435,354207031.110723,607035509,1108084215.225,309759550,579018612.1725,470886670.703983,126939008,393253216.745,5376510336.800705
2021-01-03T00:00:00Z,1425713203.32334,362406042.055469,570218393,1165466710.83,333735530,628154525.28,500029678.432426,108842222,415850944.571,5510417249.492235
2021-01-04T00:00:00Z,1267333891.96286,352881775.07112,500876484,975684493,304950980,642801494.12645,477879829.5176,86556474,374382163.968,4983347585.64603
2021-01-05T00:00:00Z,1340987137.97325,377427325.563276,506827205,1112719766.76,343732280,645321635.7078,477361687.400658,105315455,365248894.058,5274941387.462983
2021-01-06T00:00:00Z,1383493661.19695,414192605.396646,546166064,1182459351.78,377598900,741856613.7944,559571546.138538,118680231,370779776.22,5694798749.526534
2021-01-07T00:00:00Z,1534114842.27372,450556435.906079,581565440,1251325757.24,412981490,844897648.8876,567097426.2622,122364339,385064996.467,6149968376.036599
2021-01-08T00:00:00Z,1482993710.57868,473929747.181479,617562222,1261911565.315,382325040,880972535.3643,534908762.800164,117955511,403965372.24,6156524466.479622
2021-01-09T00:00:00Z,1634716811.4882,470961604.238738,599999872,1244865791.44,418793120,861209274.69,567607479.475002,138304239,400300074.7,6336758267.031941
2021-01-10T00:00:00Z,1585650797.97896,450826737.840078,592916972,1134526749.06,428973770,846648206.391,556039301.527412,163026056,417005085.119,6175613675.9164505
2021-01-11T00:00:00Z,1322917856.22242,413168006.185773,535521931,1105944282.59,432350480,836222977.844,493734575.2274,162136228,366281651.506,5668277988.575592
2021-01-12T00:00:00Z,1203378134.992,385520896.818564,490413422,1049134105.4,406185200,766691237.4395,477633169.364861,162901169,336635559.545,5278492894.559925
2021-01-13T00:00:00Z,1439383597.494,422253679.592804,502816015,1194784402.49,436472000,842409599.5792,490568455.038623,172609974,350651402.972,5851949126.166627
2021-01-14T00:00:00Z,1481672107.4378,442948846.891508,573912343,1340804106.01,451749430,852483487.1553,570273817.215,171539474,389915905.302,6275299517.011608
2021-01-15T00:00:00Z,1428416139.75876,415397320.922498,536712977,1200084028.9,433344380,806237750.9495,573603907.693648,178317031,370039477.088,5942153013.312407
2021-01-16T00:00:00Z,1366661769.39506,409020213.491596,509028228,1207023091.31,423944170,762223557.5864,560553676.009358,178921977,372268389.519,5789645072.311414
2021-01-17T00:00:00Z,1323900537.14226,404233227.797376,502662497,1087609425.69,431141970,714864154.8976,552355456.503271,133593573,373197492.175,5523558334.205507
2021-01-18T00:00:00Z,1399371534.6467,414948046.050607,535741341,1111109358.525,432272530,749919408.5336,567992045.597236,138477576,372559268.836,5722391109.189143
2021-01-19T00:00:00Z,1450565358.72872,407862878.418191,564284449,1235888482.5,432662210,795384304.3419,603610213.044573,137247461,398095644.368,6025601001.401383
2021-01-20T00:00:00Z,1469551761.19694,402815734.287125,561420051,1030629708.64,432974020,713203074.86,595638594.359768,130583629,362779353.204,5699595926.5478325
2021-01-21T00:00:00Z,1291740183.41606,347190397.042534,520469259,1006683287,457234340,600943297.2678,611590089.713252,125786771,353450250.5,5315087874.939646
2021-01-22T00:00:00Z,1259561134.84874,372237872.160081,554350951,913292837.1,382802900,560058822.7704,540672400.977727,91374472,347709424.66,5022060815.516948
2021-01-23T00:00:00Z,1217525651.6493,362365568.800785,535951224,880488293.75,385554110,529400728.032,512197598.478188,90323097,351904605.965,4865710877.675274
2021-01-24T00:00:00Z,1237916107.19776,364734627.891623,542475409,930266632.8,382942950,553006282.3026,508303201.512002,96115511,352182938.448,4967943660.151985
2021-01-25T00:00:00Z,1277227475.0351,364846749.153047,545223740,969044521.135,390817020,527172105.8508,531675217.769158,99944072,379395405.042,5085346305.985105
2021-01-26T00:00:00Z,1279057447.7212,368107272.730936,555755619,982840011.9,386950200,543523273.9235,537708405.066096,100700663,334726035.512,5089368928.853732
2021-01-27T00:00:00Z,1257292846.37552,343294277.804745,566927074,983793660.4,368960800,535688715.81,524482905.627387,94074463,303426116.49,4977940859.507652
2021-01-28T00:00:00Z,1405593688.4096,375600600.964003,553586778,1086174409.73,368677610,593724223.0394,546698773.963218,89038539,307504491.1,5326599114.206221
2021-01-29T00:00:00Z,1447751886.25443,385887187.336524,621876732,1008092865.525,368460270,594779834.3292,545377271.325779,101140094,372989916.72,5446356057.490933
2021-01-30T00:00:00Z,1418316034.0797,387799536.098451,611169243,1005893819.475,370436480,607551205.3488,526177248.022079,101771139,356720295.92,5385835000.94403
2021-01-31T00:00:00Z,1425813724.29716,375248403.90998,610851561,1018213801.83,379180390,591215156.5215,529266518.389915,112814242,345681662.9,5388285460.848555
2021-02-01T00:00:00Z,1374183035.27194,378493776.581325,586208807,971115376.685,386036960,609217236.3264,503694160.209215,103782330,339504925.08,5252236607.15388
2021-02-02T00:00:00Z,1463068947.7774,402063758.355073,685640126,1126520425.825,355768590,592841434.2552,509980111.697635,108483937,361064166.53,5605431497.440309
2021-02-03T00:00:00Z,1514943425.0905,424887453.275234,643641416,1244022222.12,357647060,663923833.2666,548238279.838975,109282748,384613973.55,5891200411.141309
2021-02-04T00:00:00Z,1480851421.71761,418216364.595151,625339630,1263002049.08,365653940,662293979.28,555973504.971602,109566600,388694248.102,5869591737.746363
2021-02-05T00:00:00Z,1575605528.866,431606191.117282,647275294,1488431531.24,380149160,690714098.6148,570196944.186918,106549036,403123496.461,6293651280.486
2021-02-06T00:00:00Z,1848317275.221,445601552.053216,665742647,1569104857.92,422636360,755617946.6989,643208949.923459,127378881,441519761.856,6919128231.672575
2021-02-07T00:00:00Z,1766086712.3955,439743759.282495,571926625,1738386311.975,412080440,735897810.1608,662174683.220185,117632220,424133827.346,6868062389.37998
2021-02-08T00:00:00Z,2203855553.6161,523277722.79691,664779054,1882230651.225,486448540,1010277143.316,709064238.580786,145989114,431156359.29,8057078376.824796
2021-02-09T00:00:00Z,2188246990.42808,526896746.585558,656568561,1778622257.75,539059330,1073494467.2956,698950813.214591,121392279,421458543.58,8004689988.853829
2021-02-10T00:00:00Z,2077390468.28454,507954387.796542,629382686,1796839879.53,542102600,1057545932.9076,712434455.879131,127920206,445335252.048,7896905868.445813
2021-02-11T00:00:00Z,2410784725.11809,542314281.678239,692658845,1985008949,559393450,1093940841.6224,738974140.956491,132578240,451179255.2,8606832728.57522
2021-02-12T00:00:00Z,2306332929.29724,538820289.420516,647303706,1979120980.52,529513590,1094469811.8804,730319106.350729,130413274,444177555.075,8400471242.543885
2021-02-13T00:00:00Z,2253325582.89354,533898999.653929,660515847,1968252170.875,538344200,1105766717.6297,754873311.395913,128149382,455583037.532,8398709248.980082
2021-02-14T00:00:00Z,2491528803.47965,556874553.714059,698529383,2208535205.47,560507660,1113633695.6382,786009675.489218,133581793,491758528.224,9040959298.015127
2021-02-15T00:00:00Z,2297016599.00692,549640375.794709,666146052,2150961437.37,565628360,1092193605.9738,725885231.664957,135905314,454987839.84,8638364815.650385
2021-02-16T00:00:00Z,2379981773.53,569869077.896777,703225726,2213718273.665,580156760,1189734200.3818,773575267.50737,139371477,497254026.402,9046886582.382946
2021-02-17T00:00:00Z,2633726465.43485,612547941.285439,812185881,2499467420.6,563503860,1199040521.8648,863041510.654282,150831811,524570111.04,9858915522.879372
2021-02-18T00:00:00Z,2487295496.78393,614212681.865516,759619130,2498396504.3,569821860,1211649308.584,810707035.50923,143210611,489320599,9584233227.042675
2021-02-19T00:00:00Z,2624518912.99606,670271570.513802,816089196,2311528398.14,608593860,1291185407.7522,861305083.39104,159553979,503350282.92,9846396690.7131
2021-02-20T00:00:00Z,2488675299.49312,676067994.062726,757976555,2248333782.12,618774510,1337687625.9417,777654152.477417,146274660,470566174.432,9522010753.526962
2021-02-21T00:00:00Z,2607195384.89374,693876107.538853,801489384,2443001890.26,646645300,1380864833.6168,806726466.3384,170681918,490597296.076,10041078580.723793
2021-02-22T00:00:00Z,2318179641.779,614306470.602509,724695013,1988583246.295,588499290,1271952399.3474,688638029.450997,150962470,449705527.002,8795522087.476906
2021-02-23T00:00:00Z,1956627881.34474,550143746.091506,683711795,1744606979.62,576953310,1000158372.3198,633584546.752475,148096737,447210185.516,7741093553.644521
2021-02-24T00:00:00Z,2114281251.4174,560292605.441911,713731936,1708994265.25,594762720,1018728247.5072,649327486.970138,136336825,426491189.25,7922946526.836649
2021-02-25T00:00:00Z,2099573484.26666,533551340.2621,715055863,1838015490.735,611323810,1007128989.252,669964026.215111,145651910,369118801.311,7989383715.04187
2021-02-26T00:00:00Z,1883120632.70115,558107383.591125,693590759,1759321634.84,505945600,941608524.4005,612804666.481994,148036103,376946927.136,7479482231.150769
2021-02-27T00:00:00Z,1899972259.2398,555567353.051075,717975871,1786511074.89,503847700,966101613.8256,632384592.190082,137427003,394958069.466,7594745536.662557
2021-02-28T00:00:00Z,1968246064.31962,541351622.867653,719933457,1773753176.715,539233810,941624810.58,658870922.284241,138023288,415972260.371,7697009412.137514
2021-03-01T00:00:00Z,2101939321.60974,595856276.714808,730931031,2066800253.455,532507060,1075409332.4236,693143716.952331,138437596,423728181.756,8358752769.911478
2021-03-02T00:00:00Z,2065693789.0824,581107602.564002,721638409,2015183818.94,509437430,1068104671.302,662275945.475018,134447693,424432604.65,8182321964.01342
2021-03-03T00:00:00Z,2163114573.57748,607874844.21464,756693499,2239854977.6,531294460,1109832173.257,698190879.428411,137336373,483959809.06,8728151589.137531
2021-03-04T00:00:00Z,2118479592.39915,583418207.726912,783727471,2185998026.24,554250800,1032559282.7459,729607839.132632,144441981,435222750.608,8567705950.852593
2021-03-05T00:00:00Z,2092914024.38664,588197945.51304,753767450,1986471894.5,567430800,1009288284.9065,737283180.680508,138538541,427073560.044,8300965681.030687
2021-03-06T00:00:00Z,2084021172.24137,588142708.363579,762221681,2066138566.36,571997140,1002126356.238,760924057.951205,138173099,427608097.103,8401352878.2571535
2021-03-07T00:00:00Z,2251718072.54436,618535272.283288,770452947,2232861571.285,560643500,1119928111.7598,840736488.500107,144178293,487014679.33,9026068935.702555
2021-03-08T00:00:00Z,2519570378.79228,628506082.989474,823670954,2699207862.85,560535230,1221425545.3331,853622175.574252,152577916,527884230.144,9987000375.683105
2021-03-09T00:00:00Z,2599663312.91063,658602835.085763,807212966,2994267544.92,582803700,1253078696.727,903368707.76756,156748688,549500851.036,10505247302.446953
2021-03-10T00:00:00Z,2782700713.40608,673031611.347286,814504157,3260897675,605043710,1347827531.5245,958031663.669211,180692628,590850165.794,11213579855.741077
2021-03-11T00:00:00Z,3007688298.96333,693942870.833355,856894205,3623611756.84,612090020,1425556262.9988,1083990187.9812,192734931,602627640.72,12099136174.336685
2021-03-12T00:00:00Z,2827172359.69415,689324078.019931,791573570,3439890624.945,608362310,1406864396.6034,1003664181.44058,192282516,576440618.038,11535574654.74106
2021-03-13T00:00:00Z,3252004843.01618,738391861.923641,894716875,3935427660,689986250,1501529433.312,1209203128.90574,210298124,713434681.562,13144992857.719563
2021-03-14T00:00:00Z,3223186212.69885,716187309.232649,877642475,3767563090.84,678600660,1456639694.6645,1138447906.77066,195177029,663274365.748,12716718743.954659
2021-03-15T00:00:00Z,2811155217.11446,670991197.425586,821632655,3500326676,675803620,1354090651.0817,923867413.33276,183533689,591855039.101,11533256158.055506
2021-03-16T00:00:00Z,2780513006.838,680572132.155555,790452796,3187070029.34,646928660,1378471246.4704,918233021.005736,188280557,579604171.204,11150125620.013693
2021-03-17T00:00:00Z,2815319335.67446,708022206.783439,879746791,3201232579.8,636372470,1502860942.2466,959615237.760444,192842936,608333817.345,11504346316.609941
2021-03-18T00:00:00Z,2850775503.3211,694826692.062452,898617844,3279722801,657759110,1444455338.416,921655781.111436,196933850,661468241.95,11606215161.860989
2021-03-19T00:00:00Z,2821268476.5937,699501534.096071,915455003,3136205648.595,660112480,1455626259.15,887260647.780349,186913255,581825616.825,11344168921.04012
2021-03-20T00:00:00Z,2847665307.82248,700607070.476926,944196775,3275403169.22,677667500,1450042011.72,943320456.703661,190938176,625031302.913,11654871769.856066
2021-03-21T00:00:00Z,2841469491.73618,690825672.254949,891213429,3243231632.77,671331060,1448493359.6912,951250495.847046,178889233,655831029.602,11572535403.901375
2021-03-22T00:00:00Z,2779971863.0759,653088511.709352,917379026,3138735293.38,667656810,1352115674.2266,951959684.528663,175900414,634444526.225,11271251803.145515
2021-03-23T00:00:00Z,2842667172.73018,657138917.948718,857397684,2974206327.17,659172980,1348353010.3186,923204096.8824,169307797,611257031.418,11042705017.467897
2021-03-24T00:00:00Z,2683000414.30278,632038167.717043,848465183,2859968799.61,674595320,1369405443.1472,901875746.261657,173945840,599756804.619,10743051718.657679
2021-03-25T00:00:00Z,2686764019.45528,620188828.420751,824035157,2656427387.24,689574610,1327267053.6894,908849996.196961,166536611,600936502.394,10480580165.396393
2021-03-26T00:00:00Z,2791761463.87754,663116651.962443,858861998,2792593643.89,689151010,1366955121.285,958954357.074099,171323681,590427892.052,10883145819.14108
2021-03-27T00:00:00Z,2806399231.7552,674016226.081427,899689540,2911895754.97,679410020,1415292522.695,946812447.691763,173871925,589340967.042,11096728635.23539
2021-03-28T00:00:00Z,2748976506.81291,671225737.980132,868665569,2804261895.5,675431610,1414950125.6418,898830429.764419,177340120,585887185.95,10845569180.649261
2021-03-29T00:00:00Z,2899149887.92229,694639465.753884,960401028,3115521848.6,700458930,1545345663.3556,967126154.9091,184585406,675348289.288,11742576673.828875
2021-03-30T00:00:00Z,3095273033.1554,708177026.809065,963159461,3624376204.72,765460290,1639142054.2254,1030134563.36092,193315439,724852793.888,12743890866.158783
2021-03-31T00:00:00Z,3080222197.66028,707783827.429677,1017223891,3529142241.42,752209640,1800083924.7645,987583234.499084,197438123,697214730.368,12768901810.14154
2021-04-01T00:00:00Z,3055746988.18606,708077605.347546,972870275,3653710281.93,741877700,1801298101.7283,971515068.540521,199077176,676503808.454,12780677005.186426
2021-04-02T00:00:00Z,3121217452.70177,713813016.012005,1024497604,3849082117.285,774231640,1827300101.2266,991941159.911471,217442890,723509705.874,13243035687.010847
2021-04-03T00:00:00Z,3111575965.42428,691777869.3256,975242516,3823858168.85,798141680,1760978400.0138,1033486711.5137,214197169,723411575.7,13132670055.827381
2021-04-04T00:00:00Z,3102739750.366,704347718.240434,963260299,3772069315.665,781120090,1822655885.5895,1018592411.35221,211799171,713674844.285,13090259485.498144
2021-04-05T00:00:00Z,3117504106.19602,712039719.687396,1007004741,3758536309.74,802059050,1843759452.7328,1027616963.64174,211747888,707778413.08,13188046644.077955
2021-04-06T00:00:00Z,3077574906.7905,702731950.011537,1028722678,3972159887.905,791399230,1846975622.5602,1027446714.0651,224266439,697391700.913,13368669129.245337
2021-04-07T00:00:00Z,3087050838.4501,678972737.972102,951095601,3822843911.91,793172900,1823195205.9875,1015256958.5194,218091343,688737171.249,13078416668.0881
2021-04-08T00:00:00Z,3101809399.59686,702394434.613724,934308750,3685600484.05,789281560,1927073041.67,1019617137.18218,223636220,681609260,13065330287.112764
2021-04-09T00:00:00Z,3060896256.422,703357222.825115,880890936,3681038909.56,816163990,1939253395.0884,990504604.586622,220676530,732214362.6,13024996207.082138
2021-04-10T00:00:00Z,3188922499.40464,723337076.057437,916150810,3856746624.8,854829740,1997423752.5312,1084248844.27264,234506055,777835219.755,13634000621.820917
2021-04-11T00:00:00Z,3252999572.41518,726527674.659542,934061808,4050252766.035,836310560,2085854550.3516,1070499659.33664,239689765,771644847.554,13967841203.351963
2021-04-12T00:00:00Z,3388825728.15616,725237106.104595,971378039,4317048762.775,865330750,2114864938.6437,1102077982.45966,248512364,802261733.226,14535537404.365114
2021-04-13T00:00:00Z,3814928525.28148,773730796.864047,1017593041,4616297776.52,886447550,2330986817.3592,1318971699.03823,256736650,872779929.8,15888472785.862957
2021-04-14T00:00:00Z,3637039980.91616,765449194.967569,985846861,4710024423.9,874459030,2151652600.5444,1258497824.56153,245651928,804622390.502,15433244234.39166
2021-04-15T00:00:00Z,3631407324.77706,774871590.84773,1011771874,4636260832.925,871302660,2162514831.5979,1220719009.6339,243666309,806462853.288,15358977286.06959
2021-04-16T00:00:00Z,3466161768.2425,755065203.914954,967881588,4806907251,815967420,2047908545.529,1249744571.06633,241526760,792077720.768,15143240828.520782
2021-04-17T00:00:00Z,3481273757.97486,738563799.231958,970630141,4879217500.54,819236810,1991741584.6041,1233761234.98745,251606182,820061074.004,15186092084.342367
2021-04-18T00:00:00Z,2725362907.69572,689241997.288756,875212467,4508727841.6,768507990,1797781420.6231,930460345.403126,171033313,672598822.34,13138927104.950703
2021-04-19T00:00:00Z,2596971257.1048,683049152.123073,876389961,4128300742.595,766180070,1823100534.725,896043703.979882,169283974,578623914.361,12517943309.888756
2021-04-20T00:00:00Z,2702603691.8576,693874011.904532,874575730,3784222064.5,775597050,1930567216.78,917135065.848771,167435409,576223207.487,12422233447.377905
2021-04-21T00:00:00Z,2655228607.94781,662429978.014615,928780144,3540232884.45,810230000,1698961580.8746,956606152.727515,169423760,587680763.756,12009573871.77054
2021-04-22T00:00:00Z,2723136571.73192,640970784.777352,866563669,3185125408.215,859382920,1650961842.978,940618123.304856,168073412,597648586.258,11632481318.265127
2021-04-23T00:00:00Z,2657336534.8672,630910419.917009,901081051,2813608413.255,822156930,1625412205.9656,915039891.994311,172134739,565078659.79,11102758845.78912
2021-04-24T00:00:00Z,2719870514.6118,618194267.820301,897260447,2679291068.3,797770650,1582791762.852,905795812.472457,170075125,569442655.264,10940492303.320559
2021-04-25T00:00:00Z,2684310718.1,609211037.695359,883536285,2735940085.5,798260680,1549814095.653,886339261.865471,177042659,570944891.78,10895399714.59383
2021-04-26T00:00:00Z,2541674660.87088,664938852.099772,829821548,2424096394.2,779926560,1664340806.2368,878269086.3233,168139105,535226975.209,10486433987.93975
2021-04-27T00:00:00Z,2583369936.0084,676129280.94787,838939560,2593344172.875,727469530,1693109933.3742,942109136.539545,158704961,556296894.2,10769473404.945017
2021-04-28T00:00:00Z,2566290515.28446,675332441.836865,841179370,2446483752.85,731777730,1722771104.5677,880514951.883776,159799155,538747972.08,10562896993.5028
2021-04-29T00:00:00Z,2675809425.72714,663357423.024168,826718521,2545042411.3,721210820,1706753476.7604,922242290.462134,162671196,544839542.676,10768645106.949844
2021-04-30T00:00:00Z,2942627094.09576,707945966.248922,836378528,2778514492.33,673115400,1869857152.5678,985658278.093628,159817839,570819261.884,11524734012.22011
2021-05-01T00:00:00Z,2976631861.27848,710079505.470316,791917366,2878946230.815,665514830,1757777141.155,935364616.09878,166167323,568680191.824,11451079065.641577
2021-05-02T00:00:00Z,3003773818.3038,695972171.783511,794936103,2956162328.59,670497620,1719390642.048,952879003.506726,163069710,561824607.11,11518506004.342037
2021-05-03T00:00:00Z,3119783979.6231,704910293.867838,799969165,2918217788.85,665272720,1744363961.2905,931050104.496243,174352231,586971978.92,11644892223.047682
2021-05-04T00:00:00Z,2916893876.30624,655409324.242145,775963576,2703635099.475,681254060,1603932622.3665,1088560476.18238,184549268,560004689.553,11170202992.125265
2021-05-05T00:00:00Z,2891534541.31348,708037629.46533,756170516,2646438217.88,656042310,1673135404.2634,1060318224.33339,187363372,553539022.6,11132579237.8556
2021-05-06T00:00:00Z,2986912218.44235,694792053.58277,781974942,2698116395.84,648948580,1673627498.9934,1049912919.12296,192342509,572767461.28,11299394578.26148
2021-05-07T00:00:00Z,2861429226.46125,706357818.853746,784981197,2656530385.75,634108460,1738343425.4571,1017906118.22613,191474190,579498739.741,11170629561.489225
2021-05-08T00:00:00Z,2992898660.3803,721703913.10141,772060041,2783936995.8,639201710,1707258902.6361,988101048.589522,196729238,603952596.818,11405843106.325335
2021-05-09T00:00:00Z,2986211964.16676,716824485.732234,808776239,2793006672.75,628068570,1682294316.4634,979030734.7005,194682445,576806771.435,11365702199.247894
2021-05-10T00:00:00Z,2986638412.62398,687150868.37266,835427331,2881369845.5,680218970,1714643053.9563,986687286.180576,204920750,571535946.238,11548592463.871517
2021-05-11T00:00:00Z,2979980462.05674,699346975.963761,805134551,2824910522.99,655705220,1719244670.97,933968608.040008,198695867,569230057.312,11386216935.332508
2021-05-12T00:00:00Z,2917929730.9567,621610794.801795,821831249,2837291291.535,698875730,1579337381.466,1123140459.47994,198569011,581737294.96,11380322943.199436
2021-05-13T00:00:00Z,2605829024.63651,611487399.410454,745929087,2448975074.315,664679780,1391600663.4894,932603080.559378,177115782,559922073.561,10138141964.97174
2021-05-14T00:00:00Z,2572362817.2911,613115440.252085,738965655,2403858965.53,667630840,1207607848.902,939035205.418248,171799684,547491155,9861867611.393435
2021-05-15T00:00:00Z,2698991729.03383,574626654.22153,764488080,2494339773.15,676891700,1120746704.0925,1010553167.24327,179896926,579860483.717,10100395217.45813
2021-05-16T00:00:00Z,2678491807.64786,572530228.769132,755893296,2381703943.065,679903360,1136046360.81,1023238198.28479,174072309,590010618.37,9991890121.946783
2021-05-17T00:00:00Z,2751939403.0734,536296638.944363,734143307,2150679385.455,576308290,1111259733.5394,1039120818.86031,166277068,558992217.41,9625016862.282473
2021-05-18T00:00:00Z,2703722646.4792,529745541.693088,745860059,2202135364.31,555550250,1137741720.885,1044474619.07398,148633978,561168247.17,9629032426.611269
2021-05-19T00:00:00Z,1529791370.64128,445156437.620011,476218629,1782840187.86,435978280,634852669.6584,564360167.96328,106094385,371131804.4,6346423932.142971
2021-05-20T00:00:00Z,1566829119.42998,489311727.664433,435267425,1824075057.34,469308230,709985209.6064,554050961.19964,102217058,319198270.824,6470243059.064454
2021-05-21T00:00:00Z,1679372340.62031,448370532.661264,467434391,1524957564.9,518323180,658539992.5056,554991338.429979,107932525,308717376.819,6268639241.936153
2021-05-22T00:00:00Z,1625311633.2315,454458149.080449,447994326,1335464496.2,507580040,664499204.4144,493758673.672575,108277138,311521781.794,5948865442.392923
2021-05-23T00:00:00Z,1599434811.5787,420611599.928188,450131864,1256849028.45,518015540,596107089.8982,458856357.260427,102618504,276953318,5679578113.115516
2021-05-24T00:00:00Z,1727476499.6713,465105343.274989,472167217,1267198964.195,512579880,684824669.1486,456147223.924469,99035132,293704443.302,5978239372.516357
2021-05-25T00:00:00Z,1776959701.0767,460063153.204551,453161218,1304440460.135,506948300,640300845.69,437685621.235093,102025368,282199273.184,5963783940.525345
2021-05-26T00:00:00Z,1833044607.54245,474455090.06699,462440856,1344390684.235,533712060,704356665.5214,453656763.352073,105477337,277768148.224,6189302211.941913
2021-05-27T00:00:00Z,1772441576.2793,463987690.532431,446767171,1319769999.5,523892590,694545513.57,472395559.716631,93207977,292871014,6079879091.598362
2021-05-28T00:00:00Z,1846043901.18216,429927078.794246,488815208,1373108177.625,512204220,849099239.7312,487771458.038317,92292331,304217604.431,6383479218.801923
2021-05-29T00:00:00Z,1874697098.81613,416581186.049954,455412062,1281336328.515,511420720,618646702.7136,482295162.707299,97028616,319447441.706,6056865318.507984
2021-05-30T00:00:00Z,1870739212.58352,428850280.091563,432989182,1348931127.36,511045260,617108449.9319,440475638.663862,100057814,310731540.8,6060928505.430845
2021-05-31T00:00:00Z,1972070264.02328,449707758.559196,450456063,1409850553.585,518332550,799630692.9039,471145359.40969,93696534,323525409.79,6488415185.271066
2021-06-01T00:00:00Z,1941426441.37775,441920313.474487,448144693,1349009227,510565520,701120925.5622,421728051.448463,98241912,299789391.208,6211946475.070899
2021-06-02T00:00:00Z,2054556435.6232,454597243.580982,461418448,1475387027.84,491041810,731891543.1516,466273893.918998,95308644,316437011.827,6546912057.941779
2021-06-03T00:00:00Z,2285735391.67378,472039971.455861,536714644,1581107189.04,500234730,737726977.806,506993167.289551,97706861,322939576.8,7041198509.065192
2021-06-04T00:00:00Z,2121263022.79078,445804930.497639,532818834,1518666936.04,502553870,760940307.876,480029565.412154,92695587,306159748.465,6760932802.0815735
2021-06-05T00:00:00Z,2096617069.69977,428609433.486472,540152350,1454082305.58,509385360,654399732.7357,494147370.370165,99814321,324382901.5,6601590844.372107
2021-06-06T00:00:00Z,2146657368.84992,431632085.603104,533115155,1517473320.55,508176580,669342456.9414,492533030.6235,97548844,315265959.82,6711744801.387924
2021-06-07T00:00:00Z,2218246637.8726,406330805.371432,560640728,1560752692.08,504217200,617701423.3719,568387982.156803,98359825,342341002.48,6876978296.332735
2021-06-08T00:00:00Z,2176348498.87366,404739487.548977,465153500,1468112148.8,480979940,600150056.3916,537385428.398707,91546986,357075451.544,6581491497.556943
2021-06-09T00:00:00Z,2600044324.2202,451614916.622398,552974200,1577053584.235,489343810,840872520.9338,583675069.776105,86246065,359599759.323,7541424250.110502
2021-06-10T00:00:00Z,2302406796.65842,445280429.183691,518145800,1473169472.4,457233810,782087435.3087,530521855.738685,92503351,339773890.983,6941122841.272496
2021-06-11T00:00:00Z,2395439026.09346,450261454.098976,538596600,1509506402.4,462798060,874698658.9215,523758371.770893,92573748,345277646.473,7192909967.757829
2021-06-12T00:00:00Z,2301616404.12161,430162652.478232,507996700,1423272869.9,458530120,755626141.368,526264059.847282,91213033,318574732.23,6813256712.945124
2021-06-13T00:00:00Z,2620366014.7906,470340514.695905,522683500,1621388318.695,481978820,912937347.455,585886444.908679,90730954,382219402.87,7688531317.415183
2021-06-14T00:00:00Z,2684531207.92066,488491298.796822,547247900,1616986640.75,452944010,1078269876.2151,603598419.788613,87365959,377406018.64,7936841331.111196
2021-06-15T00:00:00Z,2706504099.16843,485951411.486668,543343100,1653512380.83,452471730,1060612727.5176,596344615.868849,89911038,389102877.985,7977753980.856546
2021-06-16T00:00:00Z,2713077824.32495,462884745.441636,557424700,1686860373.24,428799760,1023597414.5242,561610848.530532,91142211,387611104.753,7913008981.814318
2021-06-17T00:00:00Z,2755766695.5208,460018069.887235,576723100,1755081652.6,451625690,944390825.5248,572957206.430642,90128094,392775130.528,7999466464.491477
2021-06-18T00:00:00Z,2482446353.536,434203452.895976,520874200,1650872037.8,445462770,866074171.9451,532472529.844651,92593695,396773447.502,7421772658.523726
2021-06-19T00:00:00Z,2511425023.57568,435070695.05578,501856500,1618131093.025,447889800,977242464.7118,527168060.168757,94476334,401495961.76,7514755932.297016
2021-06-20T00:00:00Z,2539635424.42888,432510002.764962,517919300,1580861760.55,435976950,780387723.9062,522325062.529722,89496431,409742450.707,7308855105.886765
2021-06-21T00:00:00Z,2214382641.22476,381769240.518965,529908600,1449624939.71,420314630,551104380.4716,485493053.276861,79966115,386654973.792,6499218573.994186
2021-06-22T00:00:00Z,2222109669.30102,388921593.699878,511820500,1519955402.25,376783870,597785029.1314,491753865.320352,68360078,391810006.98,6569300014.6826515
2021-06-23T00:00:00Z,2315895137.97639,404864698.823349,490921700,1473437695.2,345056680,704441566.339,456614021.075816,66241813,388967451.73,6646440764.144554
2021-06-24T00:00:00Z,2488965051.13254,416587382.157027,517301800,1492095911.245,356783430,701307397.593,468663868.096902,68914966,377547277.964,6888167084.188469
2021-06-25T00:00:00Z,2277309700.2715,382498908.398835,518142700,1406182570.8,349764410,663607687.176,466043695.728741,69008889,381981650.412,6514540211.787075
2021-06-26T00:00:00Z,2292807565.6308,386732536.697543,512872000,1397478140.79,332822770,621519013.888,466043695.728741,67492567,381833220.948,6459601510.6830845
2021-06-27T00:00:00Z,2430153338.21606,417587378.043913,555402800,1398533499.775,332632990,801986399.6988,466043695.728741,66797148,394014995.364,6863152244.826514
2021-06-28T00:00:00Z,2390467775.2584,422730482.423925,502565600,1416093607.74,326883320,775441798.1955,466043695.728741,63939429,376350859.48,6740516567.826567
2021-06-29T00:00:00Z,2556766953.71247,440858935.219477,520672200,1600455036.4,338688830,946320058.2192,466043695.728741,63058621,409023688.392,7341888018.671888
2021-06-30T00:00:00Z,2465428638.66253,432375922.300885,510441700,1472753350.125,329909300,844507749.4299,466043695.728741,66095121,388093585.765,6975649063.012056
2021-07-01T00:00:00Z,2381555168.48535,412183141.52018,518865700,1518545665.275,327444780,798921284.4222,466043695.728741,70626804,402873697.744,6897059937.175472
2021-07-02T00:00:00Z,2428119282.77005,415748804.606291,532360700,1587761686.9,333265910,790282467.4185,466043695.728741,69553831,399545630.1,7022682008.523582
2021-07-03T00:00:00Z,2555173521.49424,425801384.930521,511572100,1592518596.015,338855380,821340046.124,466043695.728741,70666604,413306436.585,7195277764.8775015
2021-07-04T00:00:00Z,2628892822.3814,433532228.576674,515160600,1605341163.75,346695670,854106134.7853,466043695.728741,66585522,411949357.71,7328307194.932116
2021-07-05T00:00:00Z,2506365740.33374,414444164.353363,513046200,1525419308.52,346341580,781126526.5825,466043695.728741,74579246,399239524.72,7026605986.238345
2021-07-06T00:00:00Z,2446637137.28855,419109177.59669,565464400,1519338074,360333580,835631395.4625,466043695.728741,73109258,401928821.6,7087595539.676481
2021-07-07T00:00:00Z,2473002080.81252,415705410.680388,532282800,1553309440.64,351033860,822521555.7102,466043695.728741,68550848,389437405.992,7071887097.563849
2021-07-08T00:00:00Z,2511359883.75044,403201495.570527,547500800,1512666216.28,345375420,820656495.765,466043695.728741,76580712,430356614.195,7113741333.289708
2021-07-09T00:00:00Z,2566973650.919,415683820.025696,535342200,1521782537.49,341059540,835305023.956,466043695.728741,73456232,405900408.868,7161547108.987438
2021-07-10T00:00:00Z,2513359083.28888,411879851.02471,539132300,1543895109.16,346116040,841249338.717,466043695.728741,72101507,400705679.212,7134482604.131331
2021-07-11T00:00:00Z,2639581980.17424,420936507.453563,579444800,1593360820.84,333780660,902804586.5247,466043695.728741,66652433,414693635.211,7417299118.932244
2021-07-12T00:00:00Z,2536813073.0174,407254635.126476,563131700,1628204049.79,344483220,860290119,466043695.728741,67759547,395592497.362,7269572537.024616
2021-07-13T00:00:00Z,2568786149.02029,402128781.597418,573126100,1589898348.84,342262010,782910714.7875,466043695.728741,72034089,397025016,7194214904.973949
2021-07-14T00:00:00Z,2489179379.91676,404404755.461444,555765500,1544003335.46,335778010,794866448.9403,466043695.728741,74032200,396523400.6,7060596726.107245
2021-07-15T00:00:00Z,2622288366.8995,392417529.276404,610601000,1618609063.705,354043400,807507450.3064,466043695.728741,72752671,420815972.396,7365079149.312045
2021-07-16T00:00:00Z,2509657426.92053,388514739.309213,539413800,1556389804.315,342706350,792924727.7832,455646932.323074,76391789,392598901.746,7054244471.3970175
2021-07-17T00:00:00Z,2625886548.29372,389501986.346507,532770500,1561421844.605,346023800,811067884.1406,471824873.862743,76967411,417796836.833,7233261685.08157
2021-07-18T00:00:00Z,2579652805.5981,395156416.831324,528365500,1571623983.365,347719200,821769173.6367,490046178.4612,79567269,435368470.908,7249268997.8003235
2021-07-19T00:00:00Z,2800308167.14277,385332937.511175,581676300,1692705315.44,344936840,827181612.1373,492849223.473336,81124103,459094040.246,7665208538.9505825
2021-07-20T00:00:00Z,2618916214.89824,370105287.640778,562240400,1601316604.68,376853020,797107336.032,480683026.180452,79806923,450166572.361,7337195384.79247
2021-07-21T00:00:00Z,2731726402.82784,399029482.25298,567374100,1634787553.5,334416050,882794177.9527,504794456.564674,81461588,419482490.185,7555866301.283195
2021-07-22T00:00:00Z,2694895669.82163,400740062.374306,579837300,1640252197.48,320069190,890359040.3625,495001908.644734,74544251,436769825.389,7532469445.07217
2021-07-23T00:00:00Z,2846115526.73204,414244509.786472,626700800,1765956995.895,310305970,1073623087.9764,533082237.368801,75807191,451275380.568,8097111699.326713
2021-07-24T00:00:00Z,2932891134.57874,427427889.969383,592792700,1807564190.48,386701400,1209775682.4104,572355811.499204,74681875,441835756.656,8446026440.593727
2021-07-25T00:00:00Z,3149462694.01705,452105387.7984,590793100,1899621449.815,433671270,1329141965.472,588087236.96792,79054390,455705092.772,8977642586.84237
2021-07-26T00:00:00Z,2571306272.24818,476854959.210324,575278400,1457030453.04,482476550,1333466696.562,494668046.096119,75237715,398328128.927,7864647221.083623
2021-07-27T00:00:00Z,2751057571.22434,502178798.417953,631358900,1581387734.91,452547650,1318726042.788,518109701.241035,73451692,406749943.186,8235568033.767327
2021-07-28T00:00:00Z,2775534322.14385,511515898.034144,672163800,1581387734.91,461679650,1490967018.8504,536188374.949295,68582804,409390837.404,8507410440.291689
2021-07-29T00:00:00Z,2832988347.9985,511491014.501404,668118500,1614444882.255,465067600,1511724029.816,548658611.745836,79783696,418641480.909,8650918163.22574
2021-07-30T00:00:00Z,2874983969.5803,537967461.679737,634214600,1620662699,518109330,1722016134.9102,579874044.469297,74650910,442813603.806,9005292753.445534
2021-07-31T00:00:00Z,2866607189.10834,532229199.383475,648445700,1553516365.75,494139730,1707481464.5154,557576642.27137,75754461,425031724.925,8860782476.953585
2021-08-01T00:00:00Z,2602185470.94105,512749648.806527,663588600,1639075660.24,385141510,1274125442.18,510256499.68659,67822203,377214555.376,8032159590.230167
2021-08-02T00:00:00Z,2662780280.3459,499383497.885108,648699000,1600445142,405535780,1131459892.2109,503531379.759022,64043859,389374167,7905252998.200931
2021-08-03T00:00:00Z,2751951356.34908,485986664.603548,647183000,1559015728.45,423914590,1241575193.4237,488991765.827747,68940357,395928252.368,8063486908.022076
2021-08-04T00:00:00Z,2754813704.976,505335218.859081,648857900,1652431561,424617970,1359257319.3768,498988984.521464,70808858,396395370.178,8311506886.911345
2021-08-05T00:00:00Z,2802321631.65017,519262249.314209,684918400,1547239551.69,415037270,1249206646.717,493053660.740065,68230994,383477581.287,8162747985.398443
2021-08-06T00:00:00Z,2999563911.2186,544360287.102797,676964300,1687708224.57,554201690,1593068630.325,523290531.002526,71830514,422050705.577,9073038793.795921
2021-08-07T00:00:00Z,3049068904.93514,567027237.056772,734651600,1742819868.56,596471330,1917447914.66,522909386.342632,78813707,423150352,9632360300.554544
2021-08-08T00:00:00Z,2942576264.12688,556589630.975727,668033600,1699100922.785,580659820,1780388533.1592,504981390.811673,80486070,423843391.104,9236659622.962479
2021-08-09T00:00:00Z,3277363893.33753,589119134.054939,686340500,1769505831.51,626960270,1979045683.3175,544602693.938718,86488241,448470129.536,10007896376.694687
2021-08-10T00:00:00Z,3205187849.75914,580296996.522274,719366500,1840991428.035,628080110,1981887882.831,557731602.126344,86816569,444873303.06,10045232241.333757
2021-08-11T00:00:00Z,3262245270.28112,581007615.227961,733283900,1808597769.6,620632690,1959641338.9175,572323997.646135,85983310,422008468.158,10045724359.830715
2021-08-12T00:00:00Z,3200675327.64812,565406898.688699,691273800,1890928426.9,616411150,1818913765.939,546822764.541585,84829990,443886247.6,9859148371.317404
2021-08-13T00:00:00Z,3397099733.46994,615078947.275357,733391700,1876328389.8,649988990,1818913765.939,564814486.735842,89914241,449908006.82,10195438261.040138
2021-08-14T00:00:00Z,3363282512.49159,600049359.712184,709247100,1894265561.36,625183260,1818913765.939,558464256.916161,89320826,442007043.42,10100733685.838934
2021-08-15T00:00:00Z,3254146693.7015,598666524.841544,737898500,1829941037.1,626908050,1818913765.939,546270895.338539,86341608,431527466.664,9930614541.584581
2021-08-16T00:00:00Z,3425194319.76476,583735752.919762,734994100,1952542197.025,628037980,1818913765.939,553175611.588344,86585120,453615360.736,10236794207.972866
2021-08-17T00:00:00Z,3347469611.46966,567297179.448356,686460200,1930761783.9,629800000,1818913765.939,532944716.614183,87318469,441507436.788,10042473163.159199
2021-08-18T00:00:00Z,3230523680.75997,570813158.083382,655539500,1864521092.8,621050950,1818913765.939,525334987.950588,86369540,407861831.04,9780928506.57294
2021-08-19T00:00:00Z,3359682024.5394,594169522.846141,711849000,1940337541.315,633659070,1814513990.179,542327541.357182,83136336,435495910.865,10115170937.101725
2021-08-20T00:00:00Z,3663699893.8691,627335997.08702,795565200,2106726001.9,617116360,2055041415.001,606150239.768809,83013491,514560155.1,11069208753.72593
2021-08-21T00:00:00Z,3680988414.9844,622944297.370288,787830500,2145879042.61,615821820,2092292477.7904,598559140.780242,89861245,497765159.335,11131942097.870329
2021-08-22T00:00:00Z,3629867217.03411,626970356.22537,772117300,2203318553.605,626383510,2108051337.0952,589526164.261501,88205666,500293849,11144733953.22118
2021-08-23T00:00:00Z,3860412690.73595,631872328.177445,739576100,2342087689.18,633406160,2096167294.4224,594196351.9264,87410685,528730820,11513860119.442194
2021-08-24T00:00:00Z,3956358882.55398,607225174.358512,775874100,2401589787.6,636935180,2038850347.2831,615871922.466805,92396089,527348074.992,11652449558.254398
2021-08-25T00:00:00Z,3817873080.53755,623911344.331632,739393500,2357076253.4,631334950,2021437290.5406,607808472.89213,89086644,524408122.199,11412329657.900911
2021-08-26T00:00:00Z,3742899124.9683,599070429.907597,735480900,2328289209.16,584768730,1865951024.6092,615771415.796938,91703929,505960343.81,11069895107.252033
2021-08-27T00:00:00Z,3745024216.3769,624161352.83857,722013800,2288659929.345,574433790,1894886388.504,598899286.267634,92672473,537457861.721,11078209098.053104
2021-08-28T00:00:00Z,3782545811.395,623648461.582715,717068300,2406638386.84,555421500,1909942838.9625,596946592.449963,88688057,548117387.405,11229017335.635178
2021-08-29T00:00:00Z,3687972863.36746,623390432.42152,736331400,2336311268.9,560238870,1941233479.0704,592461876.403173,86251360,546031584.8,11110223134.962551
2021-08-30T00:00:00Z,3659555008.7517,598766825.289309,728167600,2412958277,575950060,1800796620.392,609527998.3841,88459476,504467257.156,10978649122.973108
2021-08-31T00:00:00Z,3778001522.00275,601500866.758712,716184100,2470988350.92,562600490,1850042533.339,606687730.973383,90788745,565305668.233,11242100007.226845
2021-09-01T00:00:00Z,3779420187.65938,621385687.81044,702962400,2489614779.76,608250410,1986336977.5008,617664114.465323,94944805,565661987.848,11466241350.043941
2021-09-02T00:00:00Z,4039833248.02444,630707114.874472,725494200,2682330653.825,587869710,2079675169.3584,613798932.843223,100676324,626575278.383,12086960631.308535
2021-09-03T00:00:00Z,4006146788.33407,636389772.920264,723133100,2635823911.11,626087910,2136378124.191,616919239.044532,106538450,638585941.709,12126003237.308867
2021-09-04T00:00:00Z,3792126918.46115,635761633.862824,697164700,2582257886.84,622884590,2160605722.7153,584140731.632779,107199959,628152082.843,11810294225.355055
2021-09-05T00:00:00Z,4259871950.76617,662574313.327823,730921200,2915278543.73,663684430,2346063553.8954,629539257.615,114386107,685543581.778,13007862938.112392
2021-09-06T00:00:00Z,4320973410.89636,675940575.504655,705809600,3017959219.16,637426860,2438520849.513,684640294.124685,125625957,695045613.55,13301942379.7487
2021-09-07T00:00:00Z,2814495011.12863,600257164.869434,609929300,1936252348.05,539317180,1835407626.186,530990182.359503,131924093,463528700.565,9462101606.158567
2021-09-08T00:00:00Z,2810110020.50628,589209923.775591,580296300,1902365487.23,529746780,1759486195.665,541185898.76758,117670799,425980617.38,9256052022.32445
2021-09-09T00:00:00Z,2804716626.45396,593219087.768041,579555000,1969988555.355,554989090,1833600168.4476,490990499.483156,113803424,414240328.38,9355102779.887756
2021-09-10T00:00:00Z,2816095781.58108,576496487.872454,620124900,2013473367.41,577572980,1696805663.2109,494738163.77993,117704971,412363217.248,9325375532.102364
2021-09-11T00:00:00Z,2815529023.55574,579762698.079586,607312500,2046769179.25,570727930,1687613071.0896,472633105.165172,114274737,388344399.056,9282966643.196098
2021-09-12T00:00:00Z,2934830303.5515,593354478.846779,606437900,1959195375.695,578233060,1727241894.1905,477731127.170495,116014513,387271526.403,9380310178.857273
2021-09-13T00:00:00Z,2825894203.77859,580335475.998417,652879100,1971467703.25,588630240,1744953547.816,492561154.824672,121436040,418116914.861,9396274380.528679
2021-09-14T00:00:00Z,3077458165.9722,608217060.593185,599750900,2147089259.19,585605300,1940000205.087,502113353.542986,123927483,439511150,10023672877.38537
2021-09-15T00:00:00Z,3260966106.18676,625741600.429691,652442200,2313126238.315,604903040,2101834941.4339,556285664.913278,121961773,486538538.421,10723800102.699629
2021-09-16T00:00:00Z,3163628536.782,612563584.551341,624270400,2194343468.34,595536740,1977045422.62,532429293.86291,123282839,450361684.756,10273461969.912252
2021-09-17T00:00:00Z,3171312237.15968,605109346.577499,649290300,2265320199.3,582638500,1975034359.0571,519437343.937304,119331450,433493196.241,10320966932.272581
2021-09-18T00:00:00Z,3223905488.40656,618323896.687109,645818500,2302641297.89,586646480,2015929862.328,548447431.073851,117111502,467792167.774,10526616626.159521
2021-09-19T00:00:00Z,3216605496.872,604921118.029074,665885600,2282164142.04,568413860,2017006719.8424,534398109.266099,119332351,455501449.472,10464228846.521574
2021-09-20T00:00:00Z,2861210353.4552,558418053.99921,593729100,2033940071.5,545498850,1719266599.7127,548072803.647837,125347070,478767808.232,9464250710.546947
2021-09-21T00:00:00Z,2604485171.56321,522977360.329612,548213600,1705156523.73,541405460,1515305063.5215,544851913.866065,124326805,404768579.06,8511490477.070388
2021-09-22T00:00:00Z,2611419841.00126,560057757.923727,649322100,1890135292.44,555905670,1652189513.7036,563418894.107961,124355782,439074223.718,9045879074.894548
2021-09-23T00:00:00Z,2784333717.97383,576803903.370315,635571500,1931499987.5,534723740,1742463677.5312,541496027.316971,128381226,415458514.268,9290732293.960316
2021-09-24T00:00:00Z,2619786043.50996,555854483.875975,610557700,1767212176.8,521797330,1613285376.0012,565091825.141942,141270588,408171970.98,8803027494.309078
2021-09-25T00:00:00Z,2569139660.6586,556244828.927011,614303000,1801230166.425,506767160,1591077508.6199,585262077.9548,141530371,408315967.201,8773870740.78631
2021-09-26T00:00:00Z,2605228769.99208,563180616.456675,619692700,1828993617.44,511465160,1575305072.919,545233911.659164,134572083,396115838.888,8779787770.35492
2021-09-27T00:00:00Z,2558362850.20458,556531177.110628,638209300,1839883908.375,506818860,1586808244.672,520886019.452318,141915249,390181863.311,8739597472.125526
2021-09-28T00:00:00Z,2558544146.86045,544493531.253949,597602700,1799561060.025,493740630,1527082358.3796,528485948.432136,141130821,393724550,8584365745.951136
2021-09-29T00:00:00Z,2709533821.63732,554167066.071436,660730500,1860505910.475,503953260,1552039368.936,527083888.773495,145768441,400319658.492,8914101915.38525
2021-09-30T00:00:00Z,2797207317.7768,579087959.959082,638698000,1918496797.6,506886370,1610442526.527,488841634.435219,138865178,422555429.412,9101081213.710102
2021-10-01T00:00:00Z,3194188474.0555,630762612.034079,611410400,2085120517.2,501852470,1794879802.9638,566889373.082096,137010013,485192108.08,10007305770.415474
2021-10-02T00:00:00Z,3143904451.5451,623667958.328644,587475500,2088697823.275,500652230,1798300852.8092,555105433.478901,132653671,473528188,9903986108.436846
2021-10-03T00:00:00Z,3078880833.2688,627845049.983331,590651700,2105091182,525203810,1796225045.4855,569926524.811255,127488260,507572379.699,9928884785.247885
2021-10-04T00:00:00Z,3153683910.26278,643029817.397442,610106200,2168002333.73,539054280,1886139008.208,573151098.556721,125411583,529208272.472,10227786503.626944
2021-10-05T00:00:00Z,3541190123.58915,663635988.635486,619481000,2371745417.25,545176350,2134225801.11,599851450.736283,124170643,588607084.018,11188083858.338919
2021-10-06T00:00:00Z,3622696448.67018,710378640.059801,600521400,2117691311.59,578628580,2297305364.5878,581802278.315395,125107263,614157455.03,11248288741.253176
2021-10-07T00:00:00Z,3654111707.15182,690179081.42239,604611900,2201377652.08,577690210,2301030907.9902,561757056.3675,129166330,642622812.937,11362547657.94891
2021-10-08T00:00:00Z,3624905124.80285,691988310.595122,614818100,2241979257.26,561802100,2256939675.531,547098796.376723,129294936,655950380.94,11324776681.505697
2021-10-09T00:00:00Z,3702802347.04098,706481945.541204,609795300,2216296996.78,557660140,2318979262.6337,560954664.039318,127335805,675415462.762,11475721923.797201
2021-10-10T00:00:00Z,3853060920.77644,701023270.095406,602030100,2256682135.525,581031550,2346640911.8584,562111306.66,136451463,688722279.936,11727753937.851248
2021-10-11T00:00:00Z,4140540951.74384,709629894.788607,655606800,2357666797.075,606404870,2564187271.4112,588979283.765654,140013819,760252085.01,12523281772.7943
2021-10-12T00:00:00Z,3879974075.55456,695064333.801213,646451000,2334589007.59,623080280,2561879164.743,552967230.104,136104559,697766210.27,12127875861.062775
2021-10-13T00:00:00Z,3835452546.34015,710336055.855144,680785100,2369515236.54,638665620,2615129061.899,554643070.284775,134398221,731040917.593,12269965829.512068
2021-10-14T00:00:00Z,3960958378.6869,708828778.02544,662163400,2324844033.47,622329570,2642923891.8457,532695234.146,135356451,739355191.094,12329454928.26804
2021-10-15T00:00:00Z,4446667225.088,766359566.651009,687867600,2586143651.88,664422540,2920792369.5951,548658338.364931,137609965,863396888.894,13621918145.473042
2021-10-16T00:00:00Z,4523554559.59153,761599703.512953,713979100,2648678853.64,634797050,2891769600.7418,535475293.012,130342223,859717337.126,13699913720.624283
2021-10-17T00:00:00Z,4526614673.35089,777504283.490999,729461500,2736951872.78,632876070,2905313298.0977,553526193.829,134038568,830208988.346,13826495447.89459
2021-10-18T00:00:00Z,4465622705.96395,776492751.768991,698649200,2722010089.265,607845740,2910026313.8656,548943558.836,138482776,838540897.112,13706614032.81154
2021-10-19T00:00:00Z,4890220502.1034,816194977.957021,664368100,3013704029.88,635542390,3187477346.9,567938932.118,149510169,929978659.271,14854935107.229422
2021-10-20T00:00:00Z,5142277009.25276,852060779.624473,682053400,3213446058.63,672285530,3295264561.5533,594518720.728331,156186466,949061968.124,15557154493.912865
2021-10-21T00:00:00Z,4834271561.97032,806204608.602788,655665300,3156233751.2,644455470,3105360780.7248,515346204.529715,138398914,949406188.3,14805342779.327621
2021-10-22T00:00:00Z,4726576960.6641,794307113.439522,643008200,3158944560.6,633194410,2924704242.9852,515853792.016,154354827,868832038.42,14419776145.124823
2021-10-23T00:00:00Z,4696576158.8563,794057013.008987,638914400,3075384729.545,623614720,2881604934.1612,515157763.5784,152618637,866857134.608,14244785490.757887
